,STN,YYYYMMDD,HH,DD,FH,FF,FX,T,T10N,TD,Q,SQ,VV,N,U,P
0,330,20240101,1,210,120,120,180,75,,61,0,0,,,91,9951
1,330,20240101,2,210,90,100,150,74,,62,0,0,,,91,9958
2,330,20240101,3,240,100,110,160,92,,59,0,0,,,79,9959
3,330,20240101,4,240,110,110,190,91,,59,0,0,,,80,9966
4,330,20240101,5,240,100,100,150,95,,54,0,0,,,76,9973
5,330,20240101,6,250,120,120,170,92,71.0,48,0,0,,,73,9978
6,330,20240101,7,260,130,120,180,91,,48,0,0,,,74,9989
7,330,20240101,8,260,130,130,180,92,,46,0,0,,,73,10001
8,330,20240101,9,260,130,140,190,90,,48,3,0,,,74,10012
9,330,20240101,10,260,130,110,190,93,,49,19,0,,,74,10022
10,330,20240101,11,260,120,120,170,93,,47,48,7,,,73,10026
11,330,20240101,12,260,120,120,190,89,73.0,46,27,0,,,74,10032
12,330,20240101,13,260,120,120,160,90,,41,51,3,,,71,10035
13,330,20240101,14,250,110,110,160,91,,39,33,3,,,70,10040
14,330,20240101,15,250,100,80,160,86,,39,14,3,,,72,10044
15,330,20240101,16,250,80,80,120,86,,33,2,0,,,69,10047
16,330,20240101,17,240,70,70,110,83,,34,0,0,,,71,10047
17,330,20240101,18,210,60,80,110,77,72.0,53,0,0,,,84,10045
18,330,20240101,19,200,80,80,110,78,,43,0,0,,,78,10041
19,330,20240101,20,190,80,80,130,77,,41,0,0,,,78,10032
20,330,20240101,21,180,70,80,110,72,,47,0,0,,,84,10023
21,330,20240101,22,170,90,100,130,72,,59,0,0,,,91,10007
22,330,20240101,23,160,110,120,140,73,,63,0,0,,,93,9988
23,330,20240101,24,160,110,120,150,76,69.0,68,0,0,,,94,9967
24,330,20240102,1,160,130,130,180,79,,70,0,0,,,94,9943
25,330,20240102,2,170,130,130,170,81,,74,0,0,,,94,9919
26,330,20240102,3,180,120,110,160,85,,80,0,0,,,96,9902
27,330,20240102,4,200,110,110,150,97,,91,0,0,,,96,9896
28,330,20240102,5,240,110,130,180,111,,105,0,0,,,96,9898
29,330,20240102,6,240,130,120,180,114,74.0,102,0,0,,,92,9906
30,330,20240102,7,230,110,110,160,110,,100,0,0,,,93,9912
31,330,20240102,8,230,110,90,150,111,,97,0,0,,,91,9917
32,330,20240102,9,220,90,90,140,111,,101,6,0,,,93,9912
33,330,20240102,10,220,90,90,140,117,,100,17,0,,,89,9910
34,330,20240102,11,200,70,90,130,116,,107,8,0,,,93,9899
35,330,20240102,12,180,90,80,120,113,107.0,106,8,0,,,95,9884
36,330,20240102,13,180,90,100,130,109,,104,9,0,,,96,9862
37,330,20240102,14,190,100,100,140,115,,108,6,0,,,95,9848
38,330,20240102,15,180,100,120,150,115,,108,2,0,,,95,9826
39,330,20240102,16,190,130,130,170,116,,108,1,0,,,94,9815
40,330,20240102,17,220,140,160,240,124,,98,0,0,,,84,9806
41,330,20240102,18,220,170,170,270,117,108.0,78,0,0,,,77,9805
42,330,20240102,19,220,170,180,270,114,,78,0,0,,,78,9802
43,330,20240102,20,240,180,180,280,114,,78,0,0,,,78,9810
44,330,20240102,21,240,180,150,260,109,,78,0,0,,,80,9820
45,330,20240102,22,260,180,210,260,101,,70,0,0,,,80,9834
46,330,20240102,23,260,160,160,240,96,,82,0,0,,,90,9845
47,330,20240102,24,250,170,170,250,107,93.0,72,0,0,,,78,9858
48,330,20240103,1,250,160,150,240,108,,70,0,0,,,77,9867
49,330,20240103,2,250,150,140,220,106,,68,0,0,,,77,9875
50,330,20240103,3,240,130,130,200,107,,70,0,0,,,77,9878
51,330,20240103,4,240,120,110,170,105,,74,0,0,,,81,9879
52,330,20240103,5,230,110,100,170,103,,82,0,0,,,86,9881
53,330,20240103,6,220,120,120,160,99,97.0,82,0,0,,,88,9882
54,330,20240103,7,240,110,120,160,100,,78,0,0,,,86,9886
55,330,20240103,8,240,110,100,170,104,,77,0,0,,,83,9891
56,330,20240103,9,250,100,100,150,99,,80,5,0,,,87,9895
57,330,20240103,10,240,100,100,150,104,,76,21,0,,,82,9899
58,330,20240103,11,240,100,100,140,107,,73,36,2,,,79,9902
59,330,20240103,12,230,90,70,150,105,95.0,80,38,0,,,84,9899
60,330,20240103,13,230,90,90,130,107,,80,33,0,,,83,9893
61,330,20240103,14,230,80,100,150,96,,77,16,0,,,87,9890
62,330,20240103,15,240,90,90,140,99,,77,10,2,,,86,9887
63,330,20240103,16,220,90,90,160,92,,74,3,0,,,88,9887
64,330,20240103,17,260,80,70,130,83,,69,0,0,,,90,9889
65,330,20240103,18,270,70,110,140,95,79.0,79,0,0,,,89,9895
66,330,20240103,19,270,90,100,160,92,,74,0,0,,,88,9900
67,330,20240103,20,270,90,80,160,84,,75,0,0,,,94,9910
68,330,20240103,21,270,100,110,130,89,,76,0,0,,,91,9919
69,330,20240103,22,290,110,120,170,83,,73,0,0,,,93,9930
70,330,20240103,23,300,100,100,140,85,,71,0,0,,,91,9944
71,330,20240103,24,280,90,90,120,89,75.0,74,0,0,,,89,9956
72,330,20240104,1,280,100,100,130,90,,74,0,0,,,89,9964
73,330,20240104,2,280,90,90,150,90,,77,0,0,,,91,9974
74,330,20240104,3,270,90,90,120,89,,74,0,0,,,90,9982
75,330,20240104,4,280,90,80,120,89,,74,0,0,,,90,9989
76,330,20240104,5,280,80,90,120,90,,74,0,0,,,89,9995
77,330,20240104,6,270,90,80,120,88,80.0,74,0,0,,,90,10002
78,330,20240104,7,280,90,110,150,85,,65,0,0,,,87,10010
79,330,20240104,8,270,70,80,110,88,,74,0,0,,,91,10017
80,330,20240104,9,270,80,70,110,92,,77,9,2,,,90,10020
81,330,20240104,10,270,80,80,110,90,,76,28,3,,,91,10028
82,330,20240104,11,270,70,60,90,93,,75,34,0,,,88,10030
83,330,20240104,12,260,60,80,110,78,76.0,60,17,0,,,88,10031
84,330,20240104,13,250,60,70,100,89,,67,41,2,,,86,10031
85,330,20240104,14,250,60,50,90,89,,65,27,2,,,84,10030
86,330,20240104,15,230,50,40,80,85,,61,20,10,,,85,10031
87,330,20240104,16,210,40,40,70,80,,61,4,0,,,87,10029
88,330,20240104,17,180,40,40,60,80,,58,0,0,,,85,10028
89,330,20240104,18,180,50,50,60,82,72.0,59,0,0,,,85,10026
90,330,20240104,19,150,60,60,90,82,,61,0,0,,,86,10018
91,330,20240104,20,140,60,60,80,82,,67,0,0,,,90,10011
92,330,20240104,21,130,80,70,100,77,,69,0,0,,,94,9999
93,330,20240104,22,140,80,90,120,79,,70,0,0,,,94,9987
94,330,20240104,23,140,90,90,120,83,,73,0,0,,,93,9978
95,330,20240104,24,140,90,80,110,86,76.0,75,0,0,,,92,9968
96,330,20240105,1,140,80,80,110,91,,76,0,0,,,90,9959
97,330,20240105,2,150,80,80,110,94,,74,0,0,,,87,9950
98,330,20240105,3,160,80,90,110,93,,71,0,0,,,86,9941
99,330,20240105,4,170,100,100,140,93,,63,0,0,,,81,9932
100,330,20240105,5,180,100,100,150,87,,50,0,0,,,77,9926
101,330,20240105,6,180,100,110,140,78,75.0,43,0,0,,,78,9924
102,330,20240105,7,160,100,90,140,68,,53,0,0,,,90,9920
103,330,20240105,8,160,90,80,120,65,,57,0,0,,,94,9915
104,330,20240105,9,170,100,100,140,75,,67,2,0,,,94,9908
105,330,20240105,10,250,90,70,140,87,,81,6,0,,,95,9908
106,330,20240105,11,330,100,90,120,75,,67,11,0,,,95,9930
107,330,20240105,12,310,90,90,110,76,63.0,60,14,0,,,89,9943
108,330,20240105,13,320,80,80,100,79,,60,13,0,,,87,9951
109,330,20240105,14,320,70,70,90,86,,58,35,3,,,82,9961
110,330,20240105,15,320,60,50,80,82,,57,12,2,,,84,9972
111,330,20240105,16,310,50,40,60,84,,60,1,0,,,85,9980
112,330,20240105,17,340,50,60,80,79,,67,0,0,,,92,9990
113,330,20240105,18,330,80,80,100,80,74.0,61,0,0,,,87,9999
114,330,20240105,19,340,70,70,100,81,,56,0,0,,,84,10007
115,330,20240105,20,320,70,90,100,82,,60,0,0,,,86,10014
116,330,20240105,21,10,80,70,110,73,,60,0,0,,,90,10022
117,330,20240105,22,360,70,80,90,75,,49,0,0,,,83,10030
118,330,20240105,23,20,80,80,100,69,,49,0,0,,,86,10037
119,330,20240105,24,20,80,80,110,66,64.0,46,0,0,,,87,10044
120,330,20240106,1,20,80,80,100,64,,41,0,0,,,85,10049
121,330,20240106,2,360,90,90,120,61,,40,0,0,,,86,10058
122,330,20240106,3,20,90,90,110,58,,38,0,0,,,86,10066
123,330,20240106,4,20,90,90,110,56,,38,0,0,,,88,10071
124,330,20240106,5,20,100,100,120,55,,39,0,0,,,89,10078
125,330,20240106,6,20,100,100,130,54,51.0,31,0,0,,,84,10084
126,330,20240106,7,20,100,100,130,51,,25,0,0,,,83,10094
127,330,20240106,8,10,100,100,140,50,,24,0,0,,,83,10104
128,330,20240106,9,20,100,100,120,49,,22,1,0,,,82,10113
129,330,20240106,10,20,100,100,120,51,,18,11,0,,,79,10122
130,330,20240106,11,20,100,90,130,54,,16,9,0,,,76,10127
131,330,20240106,12,20,100,90,120,52,47.0,17,14,0,,,77,10132
132,330,20240106,13,10,100,120,130,50,,17,18,0,,,79,10132
133,330,20240106,14,10,100,100,130,50,,22,21,0,,,82,10137
134,330,20240106,15,10,110,110,150,48,,23,11,0,,,84,10145
135,330,20240106,16,20,110,120,140,46,,14,2,0,,,79,10151
136,330,20240106,17,30,100,90,140,46,,16,0,0,,,80,10156
137,330,20240106,18,30,100,90,140,41,37.0,12,0,0,,,81,10162
138,330,20240106,19,40,80,80,120,33,,5,0,0,,,81,10165
139,330,20240106,20,20,90,100,120,39,,5,0,0,,,78,10170
140,330,20240106,21,20,100,110,130,40,,5,0,0,,,77,10172
141,330,20240106,22,30,90,110,140,32,,-2,0,0,,,78,10176
142,330,20240106,23,30,110,110,130,32,,-6,0,0,,,76,10180
143,330,20240106,24,30,120,110,150,17,15.0,-17,0,0,,,78,10185
144,330,20240107,1,50,100,80,150,14,,-16,0,0,,,80,10189
145,330,20240107,2,50,90,90,120,12,,-17,0,0,,,80,10194
146,330,20240107,3,50,100,100,120,12,,-17,0,0,,,81,10198
147,330,20240107,4,50,110,100,130,12,,-15,0,0,,,82,10203
148,330,20240107,5,50,110,100,130,13,,-15,0,0,,,81,10209
149,330,20240107,6,50,90,90,140,13,7.0,-15,0,0,,,81,10216
150,330,20240107,7,70,80,60,130,12,,-15,0,0,,,82,10225
151,330,20240107,8,40,90,100,120,11,,-15,0,0,,,82,10232
152,330,20240107,9,50,90,90,120,12,,-18,3,0,,,80,10240
153,330,20240107,10,60,80,90,110,12,,-21,13,0,,,78,10248
154,330,20240107,11,60,100,90,130,3,,-38,23,0,,,73,10253
155,330,20240107,12,60,90,90,120,13,2.0,-32,53,3,,,71,10256
156,330,20240107,13,70,90,100,120,18,,-33,81,10,,,69,10256
157,330,20240107,14,50,100,100,130,12,,-42,66,10,,,67,10263
158,330,20240107,15,70,100,90,130,6,,-48,36,10,,,67,10272
159,330,20240107,16,60,90,90,120,0,,-51,7,2,,,68,10280
160,330,20240107,17,60,80,80,110,-3,,-50,0,0,,,70,10288
161,330,20240107,18,60,80,70,100,-5,-11.0,-49,0,0,,,71,10295
162,330,20240107,19,50,60,70,90,-9,,-46,0,0,,,76,10301
163,330,20240107,20,50,60,70,80,-13,,-41,0,0,,,81,10307
164,330,20240107,21,40,80,80,100,-12,,-39,0,0,,,82,10308
165,330,20240107,22,50,90,80,110,-6,,-40,0,0,,,78,10309
166,330,20240107,23,50,80,80,100,-8,,-36,0,0,,,81,10312
167,330,20240107,24,50,80,70,110,-13,-24.0,-36,0,0,,,84,10313
168,330,20240108,1,60,50,50,90,-22,,-42,0,0,,,86,10313
169,330,20240108,2,70,60,70,80,-12,,-48,0,0,,,76,10316
170,330,20240108,3,60,80,80,110,-12,,-60,0,0,,,69,10319
171,330,20240108,4,50,90,90,120,-13,,-61,0,0,,,69,10320
172,330,20240108,5,70,80,70,110,-22,,-65,0,0,,,72,10322
173,330,20240108,6,60,70,70,90,-24,-32.0,-59,0,0,,,76,10321
174,330,20240108,7,50,80,80,100,-14,,-48,0,0,,,77,10320
175,330,20240108,8,60,90,90,120,-8,,-57,0,0,,,69,10323
176,330,20240108,9,40,80,80,110,-6,,-52,7,0,,,70,10323
177,330,20240108,10,60,100,100,140,-3,,-64,17,0,,,63,10331
178,330,20240108,11,70,110,110,140,-4,,-64,36,0,,,63,10328
179,330,20240108,12,60,110,110,150,-7,-31.0,-56,29,0,,,69,10326
180,330,20240108,13,60,90,100,130,-1,,-60,34,0,,,64,10320
181,330,20240108,14,60,110,110,160,0,,-59,40,5,,,64,10316
182,330,20240108,15,60,110,120,150,-5,,-63,21,7,,,64,10317
183,330,20240108,16,60,110,100,150,-7,,-73,3,0,,,60,10319
184,330,20240108,17,70,100,100,140,-11,,-76,0,0,,,61,10323
185,330,20240108,18,70,100,100,140,-14,-20.0,-74,0,0,,,63,10329
186,330,20240108,19,70,110,110,150,-15,,-76,0,0,,,63,10332
187,330,20240108,20,70,100,100,150,-17,,-74,0,0,,,64,10333
188,330,20240108,21,70,100,90,150,-20,,-74,0,0,,,66,10334
189,330,20240108,22,70,90,90,120,-23,,-77,0,0,,,66,10334
190,330,20240108,23,70,90,90,130,-25,,-74,0,0,,,69,10337
191,330,20240108,24,70,90,90,120,-26,-32.0,-74,0,0,,,69,10338
192,330,20240109,1,80,90,80,120,-30,,-78,0,0,,,69,10336
193,330,20240109,2,80,90,90,130,-32,,-78,0,0,,,70,10337
194,330,20240109,3,80,80,80,120,-35,,-81,0,0,,,70,10333
195,330,20240109,4,80,80,90,110,-36,,-81,0,0,,,70,10331
196,330,20240109,5,80,80,80,120,-38,,-81,0,0,,,72,10329
197,330,20240109,6,80,80,90,110,-41,-45.0,-83,0,0,,,72,10330
198,330,20240109,7,80,90,80,120,-42,,-87,0,0,,,71,10334
199,330,20240109,8,80,90,90,120,-44,,-92,0,0,,,69,10339
200,330,20240109,9,80,90,80,120,-39,,-96,17,7,,,64,10342
201,330,20240109,10,80,90,90,120,-30,,-104,51,10,,,57,10344
202,330,20240109,11,70,80,80,130,-18,,-108,80,10,,,50,10338
203,330,20240109,12,60,80,90,120,-5,-48.0,-115,94,10,,,43,10333
204,330,20240109,13,60,80,80,110,5,,-119,92,10,,,39,10327
205,330,20240109,14,60,90,90,120,1,,-118,73,10,,,40,10323
206,330,20240109,15,60,90,90,120,-2,,-118,42,10,,,41,10321
207,330,20240109,16,60,100,100,130,-10,,-114,9,2,,,45,10321
208,330,20240109,17,60,100,100,150,-15,,-113,0,0,,,47,10321
209,330,20240109,18,60,100,100,130,-18,-25.0,-109,0,0,,,49,10321
210,330,20240109,19,70,100,90,130,-19,,-112,0,0,,,48,10322
211,330,20240109,20,80,70,60,120,-23,,-111,0,0,,,50,10320
212,330,20240109,21,80,70,80,110,-23,,-116,0,0,,,49,10321
213,330,20240109,22,80,70,70,100,-25,,-117,0,0,,,49,10320
214,330,20240109,23,70,70,70,100,-29,,-111,0,0,,,53,10320
215,330,20240109,24,70,80,80,90,-35,-41.0,-99,0,0,,,61,10317
216,330,20240110,1,70,70,70,90,-35,,-90,0,0,,,65,10313
217,330,20240110,2,70,70,70,90,-38,,-90,0,0,,,67,10312
218,330,20240110,3,70,70,70,90,-37,,-90,0,0,,,66,10308
219,330,20240110,4,70,80,80,100,-40,,-88,0,0,,,69,10305
220,330,20240110,5,60,70,70,90,-42,,-91,0,0,,,68,10303
221,330,20240110,6,60,60,60,80,-43,-49.0,-92,0,0,,,68,10302
222,330,20240110,7,70,60,70,90,-42,,-95,0,0,,,66,10302
223,330,20240110,8,70,60,50,80,-43,,-95,0,0,,,67,10302
224,330,20240110,9,60,60,70,100,-34,,-99,17,7,,,60,10301
225,330,20240110,10,70,60,70,90,-20,,-102,52,10,,,53,10302
226,330,20240110,11,90,60,60,90,-9,,-115,79,10,,,44,10299
227,330,20240110,12,70,70,60,90,-1,-51.0,-111,91,10,,,43,10298
228,330,20240110,13,80,60,70,90,5,,-108,88,10,,,42,10295
229,330,20240110,14,70,60,60,80,10,,-106,68,10,,,41,10292
230,330,20240110,15,60,60,60,80,2,,-98,38,10,,,47,10293
231,330,20240110,16,70,60,60,80,-6,,-93,7,2,,,52,10295
232,330,20240110,17,70,60,60,70,-12,,-90,0,0,,,55,10299
233,330,20240110,18,70,50,50,70,-15,-23.0,-88,0,0,,,57,10307
234,330,20240110,19,70,40,40,70,-17,,-90,0,0,,,57,10311
235,330,20240110,20,80,40,40,60,-22,,-92,0,0,,,58,10314
236,330,20240110,21,70,40,40,60,-24,,-92,0,0,,,59,10319
237,330,20240110,22,70,40,40,50,-26,,-91,0,0,,,60,10324
238,330,20240110,23,70,50,50,70,-28,,-90,0,0,,,62,10326
239,330,20240110,24,80,50,40,60,-31,-38.0,-88,0,0,,,64,10329
240,330,20240111,1,70,40,40,60,-33,,-86,0,0,,,66,10330
241,330,20240111,2,70,40,30,60,-33,,-84,0,0,,,67,10334
242,330,20240111,3,70,30,30,50,-38,,-83,0,0,,,70,10336
243,330,20240111,4,60,30,40,50,-43,,-81,0,0,,,74,10336
244,330,20240111,5,50,30,40,60,-54,,-85,0,0,,,78,10342
245,330,20240111,6,60,50,40,70,-50,-95.0,-72,0,0,,,84,10344
246,330,20240111,7,40,40,50,60,-44,,-63,0,0,,,87,10349
247,330,20240111,8,50,60,50,90,-41,,-58,0,0,,,88,10350
248,330,20240111,9,40,30,30,60,-32,,-54,32,8,,,84,10353
249,330,20240111,10,50,60,80,100,-1,,-33,59,8,,,79,10362
250,330,20240111,11,70,60,40,90,6,,-17,29,0,,,84,10360
251,330,20240111,12,70,40,40,60,18,-82.0,-9,29,0,,,82,10360
252,330,20240111,13,130,20,10,50,23,,-6,25,0,,,81,10353
253,330,20240111,14,190,20,20,20,26,,-2,22,0,,,81,10349
254,330,20240111,15,210,20,20,30,30,,6,12,0,,,84,10347
255,330,20240111,16,340,30,40,70,25,,11,2,0,,,90,10346
256,330,20240111,17,360,60,60,90,59,,34,0,0,,,83,10345
257,330,20240111,18,10,80,90,110,62,19.0,34,0,0,,,82,10346
258,330,20240111,19,10,90,90,110,62,,33,0,0,,,81,10346
259,330,20240111,20,10,90,100,110,61,,31,0,0,,,81,10347
260,330,20240111,21,20,90,80,120,59,,27,0,0,,,79,10348
261,330,20240111,22,30,90,70,130,55,,26,0,0,,,81,10348
262,330,20240111,23,50,60,60,110,52,,25,0,0,,,82,10349
263,330,20240111,24,30,60,70,100,54,48.0,28,0,0,,,82,10349
264,330,20240112,1,30,80,70,100,52,,25,0,0,,,82,10347
265,330,20240112,2,50,60,50,100,52,,22,0,0,,,81,10348
266,330,20240112,3,60,40,40,70,49,,21,0,0,,,82,10345
267,330,20240112,4,70,30,30,60,47,,23,0,0,,,84,10343
268,330,20240112,5,50,30,30,50,50,,21,0,0,,,81,10342
269,330,20240112,6,50,30,30,50,49,38.0,20,0,0,,,81,10342
270,330,20240112,7,50,30,30,40,46,,22,0,0,,,84,10344
271,330,20240112,8,20,20,20,40,49,,20,0,0,,,81,10344
272,330,20240112,9,20,60,80,100,58,,19,4,0,,,76,10345
273,330,20240112,10,10,70,60,100,61,,25,11,0,,,77,10345
274,330,20240112,11,20,60,60,100,62,,21,22,0,,,75,10343
275,330,20240112,12,10,60,60,90,64,33.0,25,28,0,,,75,10339
276,330,20240112,13,10,60,50,90,63,,32,26,0,,,80,10334
277,330,20240112,14,340,50,60,80,65,,30,41,3,,,78,10328
278,330,20240112,15,360,60,60,90,55,,34,18,3,,,86,10327
279,330,20240112,16,350,60,60,80,48,,32,4,0,,,88,10324
280,330,20240112,17,350,50,40,80,48,,34,0,0,,,90,10323
281,330,20240112,18,340,40,50,70,48,39.0,40,0,0,,,94,10321
282,330,20240112,19,340,60,50,80,51,,31,0,0,,,87,10317
283,330,20240112,20,10,40,30,70,44,,34,0,0,,,93,10315
284,330,20240112,21,20,20,10,50,37,,35,0,0,,,98,10313
285,330,20240112,22,190,10,10,20,41,,36,0,0,,,96,10306
286,330,20240112,23,230,20,20,30,43,,39,0,0,,,97,10301
287,330,20240112,24,280,30,30,50,50,8.0,45,0,0,,,96,10293
288,330,20240113,1,280,40,50,70,51,,43,0,0,,,94,10286
289,330,20240113,2,290,40,40,70,50,,43,0,0,,,94,10280
290,330,20240113,3,260,50,50,80,47,,43,0,0,,,96,10272
291,330,20240113,4,280,70,70,100,47,,42,0,0,,,96,10263
292,330,20240113,5,270,70,70,110,50,,34,0,0,,,89,10261
293,330,20240113,6,280,80,70,110,47,42.0,27,0,0,,,87,10256
294,330,20240113,7,260,80,80,110,46,,25,0,0,,,86,10249
295,330,20240113,8,270,80,90,120,44,,21,0,0,,,84,10245
296,330,20240113,9,280,90,100,130,44,,18,2,0,,,83,10243
297,330,20240113,10,270,80,70,120,40,,14,5,0,,,83,10240
298,330,20240113,11,290,80,80,110,40,,9,9,0,,,80,10237
299,330,20240113,12,270,70,60,100,42,36.0,14,10,0,,,82,10226
300,330,20240113,13,270,60,70,80,48,,22,12,0,,,83,10221
301,330,20240113,14,280,60,70,90,51,,29,6,0,,,85,10214
302,330,20240113,15,270,60,60,80,50,,32,4,0,,,88,10209
303,330,20240113,16,260,80,70,100,51,,30,1,0,,,86,10207
304,330,20240113,17,260,60,60,80,50,,36,0,0,,,90,10204
305,330,20240113,18,250,70,70,90,52,41.0,41,0,0,,,92,10199
306,330,20240113,19,260,70,70,100,58,,46,0,0,,,92,10195
307,330,20240113,20,260,80,80,110,60,,44,0,0,,,89,10188
308,330,20240113,21,260,80,80,100,56,,40,0,0,,,89,10180
309,330,20240113,22,260,80,80,100,61,,45,0,0,,,89,10173
310,330,20240113,23,260,80,80,100,63,,42,0,0,,,86,10168
311,330,20240113,24,270,80,90,120,60,49.0,46,0,0,,,90,10163
312,330,20240114,1,270,70,70,110,58,,49,0,0,,,93,10157
313,330,20240114,2,290,70,80,120,58,,46,0,0,,,92,10152
314,330,20240114,3,270,60,60,110,53,,43,0,0,,,93,10145
315,330,20240114,4,310,50,60,90,56,,32,0,0,,,84,10137
316,330,20240114,5,270,70,70,90,61,,46,0,0,,,90,10131
317,330,20240114,6,280,70,70,90,60,47.0,41,0,0,,,87,10125
318,330,20240114,7,280,80,70,100,57,,30,0,0,,,83,10117
319,330,20240114,8,270,70,70,100,59,,25,0,0,,,78,10117
320,330,20240114,9,270,70,70,90,60,,34,6,0,,,83,10114
321,330,20240114,10,280,70,70,100,59,,32,10,0,,,82,10111
322,330,20240114,11,280,70,70,120,58,,15,10,0,,,74,10102
323,330,20240114,12,270,90,80,120,58,45.0,7,21,0,,,69,10093
324,330,20240114,13,270,70,70,110,72,,9,55,2,,,64,10082
325,330,20240114,14,310,80,90,120,46,,25,34,2,,,86,10075
326,330,20240114,15,280,80,80,120,51,,32,12,0,,,87,10070
327,330,20240114,16,320,90,100,150,44,,26,4,0,,,88,10064
328,330,20240114,17,300,100,120,170,52,,26,0,0,,,83,10061
329,330,20240114,18,300,110,110,150,47,37.0,24,0,0,,,84,10058
330,330,20240114,19,300,120,130,160,52,,12,0,0,,,75,10054
331,330,20240114,20,310,130,120,180,42,,23,0,0,,,87,10053
332,330,20240114,21,290,120,100,170,40,,28,0,0,,,91,10049
333,330,20240114,22,310,120,120,190,31,,14,0,0,,,88,10049
334,330,20240114,23,330,100,140,190,41,,6,0,0,,,78,10047
335,330,20240114,24,310,110,120,170,41,23.0,6,0,0,,,77,10044
336,330,20240115,1,310,110,120,160,46,,1,0,0,,,72,10036
337,330,20240115,2,330,120,140,160,35,,7,0,0,,,81,10035
338,330,20240115,3,290,110,120,160,42,,8,0,0,,,78,10034
339,330,20240115,4,300,110,130,160,39,,9,0,0,,,80,10029
340,330,20240115,5,290,120,120,170,31,,17,0,0,,,90,10025
341,330,20240115,6,320,130,120,200,17,11.0,8,0,0,,,93,10027
342,330,20240115,7,320,130,140,240,29,,7,0,0,,,85,10022
343,330,20240115,8,310,140,130,200,30,,0,0,0,,,80,10023
344,330,20240115,9,320,140,160,190,25,,5,11,2,,,86,10027
345,330,20240115,10,310,140,170,220,19,,5,24,3,,,90,10030
346,330,20240115,11,320,130,150,190,31,,5,23,2,,,83,10033
347,330,20240115,12,330,120,120,170,33,14.0,3,55,3,,,80,10035
348,330,20240115,13,300,130,120,200,30,,-8,44,2,,,75,10042
349,330,20240115,14,320,120,150,200,42,,-8,34,3,,,70,10043
350,330,20240115,15,300,150,160,210,44,,3,29,7,,,74,10048
351,330,20240115,16,330,130,110,180,37,,-5,6,2,,,74,10057
352,330,20240115,17,320,100,100,160,40,,-5,0,0,,,72,10063
353,330,20240115,18,290,130,140,180,31,17.0,7,0,0,,,84,10070
354,330,20240115,19,320,120,100,170,31,,3,0,0,,,82,10076
355,330,20240115,20,320,110,110,160,34,,-5,0,0,,,75,10082
356,330,20240115,21,310,110,100,160,25,,2,0,0,,,84,10083
357,330,20240115,22,310,110,120,150,36,,-20,0,0,,,66,10086
358,330,20240115,23,320,110,120,160,31,,0,0,0,,,80,10092
359,330,20240115,24,330,100,110,150,30,14.0,1,0,0,,,80,10096
360,330,20240116,1,300,90,90,130,23,,-2,0,0,,,83,10098
361,330,20240116,2,300,90,60,140,20,,0,0,0,,,86,10097
362,330,20240116,3,290,80,90,120,34,,-2,0,0,,,77,10094
363,330,20240116,4,280,90,90,110,32,,-21,0,0,,,68,10090
364,330,20240116,5,270,80,80,110,31,,-25,0,0,,,66,10089
365,330,20240116,6,260,70,70,110,29,14.0,-23,0,0,,,68,10084
366,330,20240116,7,260,70,80,110,28,,-26,0,0,,,67,10085
367,330,20240116,8,270,70,70,110,26,,-45,0,0,,,59,10088
368,330,20240116,9,260,80,80,110,25,,-41,8,0,,,61,10087
369,330,20240116,10,260,80,80,110,30,,-48,35,3,,,56,10086
370,330,20240116,11,270,70,60,110,37,,-40,86,10,,,57,10083
371,330,20240116,12,260,70,70,100,39,20.0,-41,87,8,,,55,10077
372,330,20240116,13,260,70,60,100,43,,-34,96,10,,,57,10071
373,330,20240116,14,260,70,70,90,39,,-40,53,8,,,56,10065
374,330,20240116,15,250,60,60,90,34,,-34,28,8,,,60,10060
375,330,20240116,16,240,60,60,80,35,,-28,7,3,,,63,10059
376,330,20240116,17,220,60,70,100,33,,-21,0,0,,,67,10055
377,330,20240116,18,190,70,80,110,25,22.0,-19,0,0,,,73,10051
378,330,20240116,19,200,80,80,120,15,,-31,0,0,,,71,10045
379,330,20240116,20,190,80,80,120,12,,-36,0,0,,,70,10038
380,330,20240116,21,200,80,80,120,11,,-36,0,0,,,71,10035
381,330,20240116,22,200,70,70,110,10,,-29,0,0,,,74,10024
382,330,20240116,23,200,80,90,120,7,,-27,0,0,,,77,10016
383,330,20240116,24,200,80,90,110,6,-1.0,-27,0,0,,,78,10007
384,330,20240117,1,190,70,70,100,2,,-28,0,0,,,79,9998
385,330,20240117,2,200,70,70,100,-1,,-30,0,0,,,80,9992
386,330,20240117,3,200,60,70,90,-3,,-30,0,0,,,81,9983
387,330,20240117,4,190,70,70,90,-3,,-34,0,0,,,79,9968
388,330,20240117,5,190,70,70,100,-2,,-33,0,0,,,79,9956
389,330,20240117,6,180,60,60,80,-4,-8.0,-33,0,0,,,80,9946
390,330,20240117,7,180,60,60,80,-6,,-32,0,0,,,82,9939
391,330,20240117,8,180,60,50,80,-5,,-33,0,0,,,81,9932
392,330,20240117,9,190,50,40,60,-4,,-35,9,0,,,79,9924
393,330,20240117,10,180,40,40,50,-1,,-31,23,0,,,80,9921
394,330,20240117,11,160,30,20,50,0,,-30,34,0,,,80,9913
395,330,20240117,12,160,20,20,30,7,-10.0,-34,40,0,,,74,9904
396,330,20240117,13,130,10,10,20,8,,-36,34,0,,,72,9896
397,330,20240117,14,990,0,10,10,12,,-39,24,0,,,68,9891
398,330,20240117,15,990,10,10,20,14,,-36,13,0,,,69,9890
399,330,20240117,16,90,10,10,20,7,,-40,4,0,,,71,9891
400,330,20240117,17,30,20,30,40,11,,-39,0,0,,,69,9894
401,330,20240117,18,20,30,30,50,14,0.0,-19,0,0,,,78,9903
402,330,20240117,19,30,40,50,60,24,,-5,0,0,,,81,9909
403,330,20240117,20,50,60,60,80,27,,-14,0,0,,,74,9916
404,330,20240117,21,50,60,50,70,24,,-13,0,0,,,76,9920
405,330,20240117,22,50,50,40,80,27,,-17,0,0,,,72,9928
406,330,20240117,23,60,30,30,60,22,,-26,0,0,,,70,9933
407,330,20240117,24,50,20,20,40,15,-26.0,-35,0,0,,,69,9940
408,330,20240118,1,70,20,20,30,2,,-35,0,0,,,76,9947
409,330,20240118,2,20,40,70,90,15,,-28,0,0,,,73,9952
410,330,20240118,3,30,50,40,90,8,,-27,0,0,,,77,9955
411,330,20240118,4,20,30,30,60,3,,-28,0,0,,,79,9958
412,330,20240118,5,340,70,70,90,24,,-35,0,0,,,65,9963
413,330,20240118,6,340,60,50,80,25,-52.0,-29,0,0,,,67,9969
414,330,20240118,7,40,60,60,100,11,,-35,0,0,,,71,9976
415,330,20240118,8,340,40,70,110,9,,-27,0,0,,,76,9986
416,330,20240118,9,330,60,80,110,34,,-30,14,5,,,62,9994
417,330,20240118,10,350,90,80,110,40,,-28,52,8,,,60,10007
418,330,20240118,11,330,70,70,130,41,,-4,83,10,,,72,10017
419,330,20240118,12,350,90,100,110,47,-21.0,3,70,3,,,72,10026
420,330,20240118,13,340,70,60,100,50,,-2,96,10,,,69,10034
421,330,20240118,14,320,60,30,130,30,,7,65,7,,,84,10045
422,330,20240118,15,360,30,30,50,49,,8,43,8,,,74,10058
423,330,20240118,16,350,50,70,80,40,,-39,12,3,,,56,10070
424,330,20240118,17,340,60,60,90,38,,-42,0,0,,,55,10083
425,330,20240118,18,350,50,50,70,33,22.0,-47,0,0,,,55,10095
426,330,20240118,19,320,30,30,60,22,,-35,0,0,,,66,10102
427,330,20240118,20,230,20,20,30,22,,-24,0,0,,,71,10110
428,330,20240118,21,330,30,40,90,29,,-10,0,0,,,75,10119
429,330,20240118,22,310,60,80,170,34,,-12,0,0,,,71,10129
430,330,20240118,23,290,70,110,130,42,,-2,0,0,,,73,10132
431,330,20240118,24,290,100,100,120,37,-57.0,-19,0,0,,,66,10136
432,330,20240119,1,280,90,90,120,36,,-20,0,0,,,66,10139
433,330,20240119,2,300,90,100,120,36,,-15,0,0,,,69,10145
434,330,20240119,3,290,90,90,120,34,,-8,0,0,,,74,10151
435,330,20240119,4,300,90,90,120,37,,-11,0,0,,,71,10153
436,330,20240119,5,270,80,50,160,15,,5,0,0,,,93,10164
437,330,20240119,6,320,80,80,120,27,9.0,-3,0,0,,,80,10170
438,330,20240119,7,280,60,70,90,29,,10,0,0,,,87,10180
439,330,20240119,8,260,60,50,90,36,,11,1,0,,,83,10188
440,330,20240119,9,280,70,70,100,44,,4,14,3,,,74,10194
441,330,20240119,10,270,70,60,90,49,,-3,56,10,,,69,10201
442,330,20240119,11,260,70,80,90,50,,-6,84,10,,,67,10206
443,330,20240119,12,260,80,80,110,53,17.0,-3,100,10,,,67,10207
444,330,20240119,13,250,80,70,110,54,,-5,92,10,,,65,10210
445,330,20240119,14,260,70,70,100,54,,-6,82,10,,,65,10212
446,330,20240119,15,260,70,70,100,49,,-6,45,10,,,67,10215
447,330,20240119,16,250,70,80,100,47,,-6,13,5,,,68,10220
448,330,20240119,17,240,70,70,110,44,,-5,0,0,,,70,10225
449,330,20240119,18,250,70,80,110,45,36.0,-3,0,0,,,70,10228
450,330,20240119,19,250,80,70,120,46,,-4,0,0,,,69,10234
451,330,20240119,20,250,80,80,110,47,,-5,0,0,,,68,10238
452,330,20240119,21,250,80,80,110,49,,-7,0,0,,,67,10239
453,330,20240119,22,220,70,60,100,31,,9,0,0,,,85,10243
454,330,20240119,23,200,70,70,100,23,,3,0,0,,,86,10250
455,330,20240119,24,210,70,70,90,17,13.0,-1,0,0,,,87,10253
456,330,20240120,1,200,70,60,100,12,,-6,0,0,,,87,10255
457,330,20240120,2,200,70,60,90,12,,-7,0,0,,,87,10257
458,330,20240120,3,210,70,60,110,10,,-7,0,0,,,88,10259
459,330,20240120,4,210,70,80,100,5,,-10,0,0,,,89,10260
460,330,20240120,5,200,80,80,100,3,,-12,0,0,,,89,10262
461,330,20240120,6,210,80,80,100,0,-4.0,-16,0,0,,,88,10267
462,330,20240120,7,200,80,80,120,-1,,-17,0,0,,,89,10269
463,330,20240120,8,200,80,90,110,-1,,-15,2,0,,,89,10272
464,330,20240120,9,200,90,80,120,0,,-15,17,5,,,89,10276
465,330,20240120,10,200,90,100,130,15,,-13,54,5,,,81,10277
466,330,20240120,11,200,90,100,130,17,,-18,66,7,,,77,10277
467,330,20240120,12,200,100,100,130,18,-6.0,-21,77,5,,,75,10275
468,330,20240120,13,190,90,90,120,13,,-28,98,10,,,73,10269
469,330,20240120,14,190,90,90,120,16,,-37,72,10,,,68,10264
470,330,20240120,15,200,90,90,140,13,,-45,33,10,,,65,10265
471,330,20240120,16,190,90,90,130,10,,-48,12,5,,,65,10263
472,330,20240120,17,200,90,100,130,11,,-45,0,0,,,66,10261
473,330,20240120,18,190,100,90,130,9,5.0,-47,0,0,,,66,10256
474,330,20240120,19,190,90,80,130,9,,-52,0,0,,,63,10254
475,330,20240120,20,180,90,90,120,10,,-57,0,0,,,60,10248
476,330,20240120,21,190,90,80,130,12,,-55,0,0,,,61,10242
477,330,20240120,22,180,80,90,110,10,,-53,0,0,,,62,10231
478,330,20240120,23,170,90,90,110,8,,-56,0,0,,,62,10224
479,330,20240120,24,180,90,100,120,11,1.0,-60,0,0,,,59,10218
480,330,20240121,1,180,100,110,140,15,,-62,0,0,,,56,10204
481,330,20240121,2,180,110,120,170,15,,-59,0,0,,,58,10193
482,330,20240121,3,180,120,130,170,14,,-54,0,0,,,60,10182
483,330,20240121,4,190,130,130,170,18,,-56,0,0,,,57,10175
484,330,20240121,5,190,120,120,170,20,,-50,0,0,,,59,10168
485,330,20240121,6,200,130,140,180,21,7.0,-49,0,0,,,59,10168
486,330,20240121,7,190,140,140,200,20,,-44,0,0,,,62,10165
487,330,20240121,8,200,120,120,180,24,,-26,1,0,,,69,10168
488,330,20240121,9,200,110,110,160,30,,-9,7,0,,,76,10174
489,330,20240121,10,200,110,110,160,39,,12,12,0,,,82,10171
490,330,20240121,11,200,110,110,150,42,,15,21,0,,,82,10170
491,330,20240121,12,200,100,110,170,54,17.0,25,28,0,,,81,10168
492,330,20240121,13,200,110,110,150,55,,30,22,0,,,83,10168
493,330,20240121,14,200,120,130,180,56,,32,21,0,,,84,10161
494,330,20240121,15,200,130,130,170,55,,33,16,0,,,85,10162
495,330,20240121,16,200,140,130,200,54,,34,6,0,,,86,10151
496,330,20240121,17,190,130,130,180,55,,36,0,0,,,87,10145
497,330,20240121,18,190,130,140,180,58,50.0,37,0,0,,,86,10138
498,330,20240121,19,190,150,150,210,60,,39,0,0,,,86,10128
499,330,20240121,20,190,160,170,210,65,,42,0,0,,,84,10117
500,330,20240121,21,190,160,160,220,70,,51,0,0,,,88,10098
501,330,20240121,22,180,170,170,220,78,,60,0,0,,,88,10072
502,330,20240121,23,190,170,170,240,89,,62,0,0,,,82,10060
503,330,20240121,24,190,160,150,230,95,55.0,64,0,0,,,81,10052
504,330,20240122,1,190,170,170,240,98,,72,0,0,,,83,10038
505,330,20240122,2,200,170,170,240,100,,78,0,0,,,86,10022
506,330,20240122,3,200,170,180,240,100,,84,0,0,,,89,10013
507,330,20240122,4,200,160,140,230,101,,92,0,0,,,94,10010
508,330,20240122,5,220,140,150,200,105,,96,0,0,,,93,10013
509,330,20240122,6,220,160,160,240,103,92.0,81,0,0,,,85,10018
510,330,20240122,7,220,140,140,210,99,,80,0,0,,,87,10023
511,330,20240122,8,230,140,130,210,94,,78,0,0,,,89,10032
512,330,20240122,9,230,120,110,180,87,,70,3,0,,,89,10046
513,330,20240122,10,240,110,110,170,96,,65,27,2,,,80,10055
514,330,20240122,11,240,110,110,170,100,,59,81,10,,,75,10067
515,330,20240122,12,240,120,120,170,98,83.0,56,98,10,,,75,10072
516,330,20240122,13,230,100,80,160,90,,56,94,10,,,79,10081
517,330,20240122,14,220,90,90,130,87,,56,68,10,,,80,10082
518,330,20240122,15,230,90,90,140,84,,56,45,10,,,82,10088
519,330,20240122,16,230,90,90,140,78,,52,17,5,,,83,10097
520,330,20240122,17,230,90,90,140,78,,53,0,0,,,84,10105
521,330,20240122,18,230,110,100,160,80,72.0,49,0,0,,,81,10114
522,330,20240122,19,230,100,110,160,77,,53,0,0,,,84,10124
523,330,20240122,20,230,100,100,170,80,,53,0,0,,,83,10131
524,330,20240122,21,250,120,130,190,86,,42,0,0,,,74,10132
525,330,20240122,22,250,140,140,190,79,,29,0,0,,,70,10140
526,330,20240122,23,250,120,120,180,83,,39,0,0,,,74,10150
527,330,20240122,24,260,140,150,200,78,71.0,38,0,0,,,76,10161
528,330,20240123,1,260,140,130,190,77,,37,0,0,,,75,10174
529,330,20240123,2,260,120,120,170,76,,35,0,0,,,75,10185
530,330,20240123,3,270,130,120,170,73,,32,0,0,,,75,10195
531,330,20240123,4,270,120,120,160,74,,31,0,0,,,74,10208
532,330,20240123,5,270,110,110,150,73,,34,0,0,,,76,10218
533,330,20240123,6,270,110,100,160,70,65.0,35,0,0,,,78,10228
534,330,20240123,7,270,100,90,150,66,,35,0,0,,,80,10231
535,330,20240123,8,250,70,70,110,66,,32,1,0,,,78,10241
536,330,20240123,9,220,70,60,120,64,,37,21,8,,,83,10248
537,330,20240123,10,220,80,80,120,75,,41,57,10,,,79,10247
538,330,20240123,11,210,80,80,120,77,,47,64,3,,,81,10243
539,330,20240123,12,200,80,70,120,83,56.0,48,74,6,,,78,10229
540,330,20240123,13,200,90,100,130,83,,55,32,0,,,82,10222
541,330,20240123,14,200,100,110,130,83,,64,19,0,,,87,10207
542,330,20240123,15,180,110,120,150,78,,67,10,0,,,92,10190
543,330,20240123,16,190,120,120,170,79,,66,3,0,,,91,10175
544,330,20240123,17,200,130,130,170,80,,72,0,0,,,94,10167
545,330,20240123,18,210,130,130,180,89,74.0,81,0,0,,,94,10155
546,330,20240123,19,210,140,150,220,100,,93,0,0,,,95,10149
547,330,20240123,20,220,150,160,230,110,,99,0,0,,,93,10139
548,330,20240123,21,220,150,150,220,103,,91,0,0,,,91,10133
549,330,20240123,22,220,160,160,240,106,,93,0,0,,,91,10129
550,330,20240123,23,220,160,180,240,107,,91,0,0,,,89,10119
551,330,20240123,24,220,170,160,250,109,87.0,92,0,0,,,89,10120
552,330,20240124,1,220,160,160,240,109,,96,0,0,,,91,10121
553,330,20240124,2,230,170,170,250,107,,95,0,0,,,92,10122
554,330,20240124,3,230,150,150,240,100,,90,0,0,,,93,10128
555,330,20240124,4,230,140,140,210,97,,80,0,0,,,88,10131
556,330,20240124,5,240,140,130,220,97,,68,0,0,,,81,10138
557,330,20240124,6,240,140,150,210,100,86.0,57,0,0,,,74,10146
558,330,20240124,7,250,150,150,220,100,,47,0,0,,,69,10159
559,330,20240124,8,240,150,150,200,98,,48,1,0,,,71,10173
560,330,20240124,9,250,140,140,210,100,,49,13,0,,,70,10184
561,330,20240124,10,250,150,150,200,101,,54,39,2,,,72,10196
562,330,20240124,11,250,140,150,210,100,,51,57,3,,,71,10208
563,330,20240124,12,250,140,130,200,99,92.0,55,68,5,,,73,10218
564,330,20240124,13,250,130,120,180,96,,52,54,2,,,74,10227
565,330,20240124,14,250,120,110,170,94,,52,37,0,,,75,10234
566,330,20240124,15,250,110,120,150,94,,51,25,0,,,74,10243
567,330,20240124,16,250,110,100,150,94,,49,7,0,,,73,10251
568,330,20240124,17,250,100,90,150,95,,47,0,0,,,71,10255
569,330,20240124,18,250,110,90,140,96,90.0,47,0,0,,,71,10261
570,330,20240124,19,260,90,90,130,93,,48,0,0,,,73,10265
571,330,20240124,20,250,80,80,120,92,,49,0,0,,,74,10270
572,330,20240124,21,260,80,80,120,90,,52,0,0,,,76,10272
573,330,20240124,22,270,90,100,130,85,,54,0,0,,,80,10276
574,330,20240124,23,270,80,80,120,78,,51,0,0,,,83,10278
575,330,20240124,24,280,80,70,100,72,67.0,52,0,0,,,86,10283
576,330,20240125,1,280,70,70,90,69,,50,0,0,,,87,10283
577,330,20240125,2,280,60,60,80,65,,50,0,0,,,90,10289
578,330,20240125,3,270,50,60,70,62,,48,0,0,,,91,10289
579,330,20240125,4,260,50,50,70,62,,48,0,0,,,90,10289
580,330,20240125,5,240,40,40,60,57,,43,0,0,,,90,10289
581,330,20240125,6,220,30,30,50,51,23.0,41,0,0,,,93,10292
582,330,20240125,7,230,40,50,60,52,,43,0,0,,,93,10292
583,330,20240125,8,220,40,30,60,50,,43,1,0,,,95,10292
584,330,20240125,9,180,30,30,50,57,,46,15,0,,,92,10291
585,330,20240125,10,180,50,50,70,64,,52,28,0,,,92,10287
586,330,20240125,11,190,50,60,70,72,,54,27,0,,,88,10285
587,330,20240125,12,190,60,40,80,82,27.0,54,37,0,,,82,10276
588,330,20240125,13,200,60,50,90,80,,68,43,0,,,92,10264
589,330,20240125,14,190,50,60,70,83,,71,31,0,,,91,10256
590,330,20240125,15,200,60,70,90,84,,75,10,0,,,94,10251
591,330,20240125,16,190,60,50,90,87,,80,3,0,,,95,10248
592,330,20240125,17,200,50,60,90,94,,89,0,0,,,96,10243
593,330,20240125,18,220,70,90,110,94,81.0,90,0,0,,,97,10242
594,330,20240125,19,210,80,80,130,95,,92,0,0,,,97,10238
595,330,20240125,20,220,80,80,130,95,,92,0,0,,,97,10236
596,330,20240125,21,230,80,80,140,93,,88,0,0,,,96,10233
597,330,20240125,22,210,80,70,120,91,,85,0,0,,,95,10227
598,330,20240125,23,220,80,90,130,93,,82,0,0,,,92,10223
599,330,20240125,24,210,90,100,130,98,89.0,86,0,0,,,92,10216
600,330,20240126,1,210,90,100,140,103,,91,0,0,,,92,10210
601,330,20240126,2,200,80,90,120,106,,92,0,0,,,90,10203
602,330,20240126,3,200,90,100,130,107,,94,0,0,,,91,10193
603,330,20240126,4,190,100,100,140,108,,97,0,0,,,92,10185
604,330,20240126,5,190,110,100,150,105,,99,0,0,,,95,10177
605,330,20240126,6,210,110,100,160,104,95.0,98,0,0,,,96,10174
606,330,20240126,7,230,120,140,190,107,,99,0,0,,,94,10176
607,330,20240126,8,230,130,120,190,97,,89,0,0,,,95,10183
608,330,20240126,9,280,140,120,230,88,,70,12,0,,,88,10199
609,330,20240126,10,290,130,120,180,84,,46,47,5,,,76,10223
610,330,20240126,11,280,130,130,200,84,,38,94,10,,,72,10243
611,330,20240126,12,290,130,130,190,81,78.0,28,108,10,,,69,10258
612,330,20240126,13,300,140,130,200,80,,25,108,10,,,68,10272
613,330,20240126,14,300,120,110,160,79,,23,90,10,,,67,10283
614,330,20240126,15,300,110,100,150,76,,27,59,10,,,70,10295
615,330,20240126,16,280,90,80,120,71,,31,22,7,,,75,10307
616,330,20240126,17,280,80,80,110,67,,33,1,0,,,79,10313
617,330,20240126,18,280,70,80,90,66,59.0,32,0,0,,,79,10320
618,330,20240126,19,280,70,70,90,66,,28,0,0,,,76,10327
619,330,20240126,20,270,60,70,100,63,,28,0,0,,,78,10333
620,330,20240126,21,270,60,60,90,59,,29,0,0,,,80,10335
621,330,20240126,22,260,60,60,80,63,,25,0,0,,,76,10336
622,330,20240126,23,240,50,40,70,61,,25,0,0,,,78,10340
623,330,20240126,24,240,40,40,70,52,42.0,31,0,0,,,86,10343
624,330,20240127,1,220,40,40,60,49,,32,0,0,,,88,10344
625,330,20240127,2,230,40,50,60,48,,33,0,0,,,90,10345
626,330,20240127,3,220,50,40,70,43,,31,0,0,,,92,10346
627,330,20240127,4,210,50,40,70,44,,34,0,0,,,93,10346
628,330,20240127,5,220,50,60,70,40,,32,0,0,,,94,10345
629,330,20240127,6,190,50,40,80,39,28.0,31,0,0,,,95,10345
630,330,20240127,7,200,50,50,70,38,,30,0,0,,,94,10348
631,330,20240127,8,190,40,40,60,35,,29,2,0,,,95,10348
632,330,20240127,9,200,50,40,60,46,,37,26,8,,,93,10352
633,330,20240127,10,210,50,50,60,59,,39,58,10,,,87,10356
634,330,20240127,11,210,50,50,80,68,,41,95,10,,,83,10357
635,330,20240127,12,220,50,50,80,74,27.0,41,106,10,,,79,10353
636,330,20240127,13,210,50,40,70,75,,30,88,9,,,73,10349
637,330,20240127,14,210,40,40,60,70,,31,47,0,,,76,10349
638,330,20240127,15,180,40,30,50,74,,34,52,8,,,75,10345
639,330,20240127,16,170,40,50,50,60,,31,22,7,,,81,10344
640,330,20240127,17,170,40,40,60,57,,34,0,0,,,85,10346
641,330,20240127,18,180,50,40,60,51,39.0,32,0,0,,,87,10342
642,330,20240127,19,180,50,50,60,47,,27,0,0,,,87,10343
643,330,20240127,20,170,50,50,60,45,,20,0,0,,,83,10340
644,330,20240127,21,180,50,50,70,45,,16,0,0,,,81,10337
645,330,20240127,22,150,40,50,60,44,,9,0,0,,,78,10332
646,330,20240127,23,180,50,40,60,42,,6,0,0,,,77,10326
647,330,20240127,24,180,50,50,60,37,26.0,5,0,0,,,79,10322
648,330,20240128,1,150,50,50,60,30,,1,0,0,,,81,10314
649,330,20240128,2,160,50,50,70,35,,2,0,0,,,78,10308
650,330,20240128,3,150,50,50,60,33,,-4,0,0,,,76,10303
651,330,20240128,4,150,50,50,60,28,,-10,0,0,,,75,10299
652,330,20240128,5,150,60,60,80,22,,-13,0,0,,,77,10293
653,330,20240128,6,150,60,60,80,36,10.0,-16,0,0,,,69,10288
654,330,20240128,7,150,70,70,90,35,,-20,0,0,,,67,10286
655,330,20240128,8,150,70,60,90,36,,-13,3,0,,,70,10280
656,330,20240128,9,150,60,60,80,52,,-11,30,8,,,64,10277
657,330,20240128,10,150,70,70,80,65,,-7,66,10,,,59,10274
658,330,20240128,11,150,70,70,80,77,,-7,94,10,,,55,10270
659,330,20240128,12,150,60,70,80,77,25.0,-8,76,8,,,54,10260
660,330,20240128,13,170,60,60,90,83,,2,96,10,,,56,10253
661,330,20240128,14,150,70,80,90,83,,5,61,5,,,57,10243
662,330,20240128,15,150,70,70,90,89,,7,42,8,,,56,10241
663,330,20240128,16,170,70,60,90,84,,8,18,7,,,58,10241
664,330,20240128,17,150,70,70,90,82,,11,1,0,,,61,10236
665,330,20240128,18,180,70,70,90,87,71.0,13,0,0,,,59,10234
666,330,20240128,19,170,60,70,80,82,,18,0,0,,,64,10236
667,330,20240128,20,180,70,70,90,81,,22,0,0,,,66,10235
668,330,20240128,21,180,80,80,100,76,,23,0,0,,,68,10233
669,330,20240128,22,180,70,80,90,75,,23,0,0,,,69,10234
670,330,20240128,23,170,70,70,80,69,,26,0,0,,,73,10233
671,330,20240128,24,200,70,80,110,71,62.0,29,0,0,,,74,10236
672,330,20240129,1,190,70,70,90,68,,30,0,0,,,76,10238
673,330,20240129,2,190,70,70,90,64,,30,0,0,,,79,10240
674,330,20240129,3,190,70,70,100,62,,32,0,0,,,81,10240
675,330,20240129,4,190,50,60,90,58,,32,0,0,,,83,10242
676,330,20240129,5,200,60,50,70,56,,31,0,0,,,84,10244
677,330,20240129,6,200,50,50,70,55,49.0,33,0,0,,,85,10245
678,330,20240129,7,190,50,50,70,58,,37,0,0,,,86,10247
679,330,20240129,8,200,60,60,80,57,,37,1,0,,,87,10251
680,330,20240129,9,180,60,60,80,61,,39,15,0,,,86,10252
681,330,20240129,10,190,60,70,80,76,,46,55,7,,,81,10257
682,330,20240129,11,190,70,60,90,92,,54,87,10,,,77,10258
683,330,20240129,12,190,60,60,80,101,50.0,59,97,10,,,75,10256
684,330,20240129,13,180,50,40,70,98,,61,64,2,,,77,10254
685,330,20240129,14,180,50,50,60,99,,63,68,7,,,77,10254
686,330,20240129,15,180,50,50,60,100,,64,63,10,,,78,10258
687,330,20240129,16,160,50,50,60,91,,63,19,8,,,82,10257
688,330,20240129,17,180,50,40,70,89,,67,1,0,,,85,10261
689,330,20240129,18,170,50,50,50,92,83.0,70,0,0,,,85,10258
690,330,20240129,19,170,50,60,60,96,,74,0,0,,,86,10257
691,330,20240129,20,180,70,70,90,96,,75,0,0,,,86,10256
692,330,20240129,21,180,70,70,100,98,,74,0,0,,,85,10253
693,330,20240129,22,190,70,70,100,97,,72,0,0,,,84,10250
694,330,20240129,23,190,70,70,90,97,,71,0,0,,,83,10249
695,330,20240129,24,180,80,80,90,96,87.0,70,0,0,,,83,10247
696,330,20240130,1,190,70,70,100,100,,71,0,0,,,82,10246
697,330,20240130,2,190,70,60,90,99,,71,0,0,,,82,10243
698,330,20240130,3,190,60,60,80,98,,71,0,0,,,83,10240
699,330,20240130,4,190,60,70,90,104,,74,0,0,,,81,10238
700,330,20240130,5,190,70,70,100,104,,75,0,0,,,81,10235
701,330,20240130,6,190,70,70,90,109,91.0,77,0,0,,,81,10236
702,330,20240130,7,190,80,80,110,107,,78,0,0,,,82,10237
703,330,20240130,8,220,80,70,110,103,,78,0,0,,,84,10245
704,330,20240130,9,220,90,110,150,95,,74,5,0,,,86,10250
705,330,20240130,10,220,110,100,170,87,,67,24,0,,,87,10258
706,330,20240130,11,220,110,110,160,81,,64,24,0,,,89,10260
707,330,20240130,12,220,100,90,160,83,79.0,60,37,0,,,85,10264
708,330,20240130,13,230,80,80,130,76,,69,30,0,,,95,10269
709,330,20240130,14,240,90,90,140,75,,71,16,0,,,97,10274
710,330,20240130,15,250,80,80,130,75,,70,8,0,,,96,10283
711,330,20240130,16,280,90,80,120,70,,68,6,0,,,98,10294
712,330,20240130,17,290,70,60,90,68,,64,1,0,,,97,10301
713,330,20240130,18,290,60,60,90,68,65.0,61,0,0,,,95,10312
714,330,20240130,19,310,60,60,80,68,,57,0,0,,,92,10319
715,330,20240130,20,320,60,50,80,66,,47,0,0,,,88,10326
716,330,20240130,21,320,50,50,80,64,,44,0,0,,,86,10333
717,330,20240130,22,340,60,50,90,60,,51,0,0,,,94,10338
718,330,20240130,23,320,50,60,70,58,,49,0,0,,,94,10338
719,330,20240130,24,320,40,30,60,60,50.0,51,0,0,,,93,10346
720,330,20240131,1,270,20,20,50,64,,35,0,0,,,82,10346
721,330,20240131,2,320,40,20,60,63,,35,0,0,,,82,10344
722,330,20240131,3,990,10,10,30,57,,38,0,0,,,87,10338
723,330,20240131,4,210,30,30,50,60,,36,0,0,,,84,10337
724,330,20240131,5,210,30,30,40,61,,40,0,0,,,86,10336
725,330,20240131,6,200,40,40,60,63,51.0,34,0,0,,,81,10330
726,330,20240131,7,220,40,40,60,62,,38,0,0,,,84,10337
727,330,20240131,8,200,40,50,70,66,,36,1,0,,,80,10336
728,330,20240131,9,190,50,50,80,67,,43,9,0,,,84,10328
729,330,20240131,10,200,60,50,80,66,,49,15,0,,,89,10330
730,330,20240131,11,200,60,70,90,73,,34,25,0,,,76,10320
731,330,20240131,12,210,80,70,120,76,58.0,22,49,2,,,68,10310
732,330,20240131,13,210,80,80,120,79,,24,60,3,,,68,10301
733,330,20240131,14,210,90,90,120,76,,24,29,0,,,69,10292
734,330,20240131,15,220,90,100,160,74,,28,36,5,,,72,10289
735,330,20240131,16,210,100,100,150,73,,28,12,5,,,73,10277
736,330,20240131,17,220,110,110,170,75,,31,1,0,,,73,10274
737,330,20240131,18,210,110,110,160,73,70.0,32,0,0,,,75,10267
738,330,20240131,19,200,110,100,150,70,,31,0,0,,,76,10256
739,330,20240131,20,210,110,110,160,68,,34,0,0,,,78,10251
740,330,20240131,21,220,110,120,170,78,,47,0,0,,,80,10248
741,330,20240131,22,220,120,120,170,78,,55,0,0,,,85,10240
742,330,20240131,23,230,110,100,170,79,,71,0,0,,,94,10240
743,330,20240131,24,240,110,110,170,90,65.0,84,0,0,,,95,10242
