,YYYYMMDDHH,average windspeed (m/s),windspeed previous 10 minuten (m/s),highest windspeed (m/s),temperature in degrees Celcius,global radiation (in J/m^2),duration of sunshine (h),cloud cover (-),relative humidity (in percentages),air pressure (Pa),yield solar panel (kWh)
0,2024-01-01 01:00:00,120,120,180,75,0.0,0.0,,91,9951,0.0
1,2024-01-01 02:00:00,90,100,150,74,0.0,0.0,,91,9958,0.0
2,2024-01-01 03:00:00,100,110,160,92,0.0,0.0,,79,9959,0.0
3,2024-01-01 04:00:00,110,110,190,91,0.0,0.0,,80,9966,0.0
4,2024-01-01 05:00:00,100,100,150,95,0.0,0.0,,76,9973,0.0
5,2024-01-01 06:00:00,120,120,170,92,0.0,0.0,,73,9978,0.0
6,2024-01-01 07:00:00,130,120,180,91,0.0,0.0,,74,9989,0.0
7,2024-01-01 08:00:00,130,130,180,92,0.0,0.0,,73,10001,0.0
8,2024-01-01 09:00:00,130,140,190,90,30000.0,0.0,,74,10012,0.011004349927639972
9,2024-01-01 10:00:00,130,110,190,93,190000.0,0.0,,74,10022,0.044928721503934524
10,2024-01-01 11:00:00,120,120,170,93,480000.0,0.7000000000000001,,73,10026,0.08996123934331506
11,2024-01-01 12:00:00,120,120,190,89,270000.0,0.0,,74,10032,0.04235870637013028
12,2024-01-01 13:00:00,120,120,160,90,510000.0,0.30000000000000004,,71,10035,0.06598407506030306
13,2024-01-01 14:00:00,110,110,160,91,330000.0,0.30000000000000004,,70,10040,0.02985320364291057
14,2024-01-01 15:00:00,100,80,160,86,140000.0,0.30000000000000004,,72,10044,0.0026426570684138393
15,2024-01-01 16:00:00,80,80,120,86,20000.0,0.0,,69,10047,0.0022666564321664525
16,2024-01-01 17:00:00,70,70,110,83,0.0,0.0,,71,10047,0.0
17,2024-01-01 18:00:00,60,80,110,77,0.0,0.0,,84,10045,0.0
18,2024-01-01 19:00:00,80,80,110,78,0.0,0.0,,78,10041,0.0
19,2024-01-01 20:00:00,80,80,130,77,0.0,0.0,,78,10032,0.0
20,2024-01-01 21:00:00,70,80,110,72,0.0,0.0,,84,10023,0.0
21,2024-01-01 22:00:00,90,100,130,72,0.0,0.0,,91,10007,0.0
22,2024-01-01 23:00:00,110,120,140,73,0.0,0.0,,93,9988,0.0
23,2024-01-02 00:00:00,110,120,150,76,0.0,0.0,,94,9967,0.0
24,2024-01-02 01:00:00,130,130,180,79,0.0,0.0,,94,9943,0.0
25,2024-01-02 02:00:00,130,130,170,81,0.0,0.0,,94,9919,0.0
26,2024-01-02 03:00:00,120,110,160,85,0.0,0.0,,96,9902,0.0
27,2024-01-02 04:00:00,110,110,150,97,0.0,0.0,,96,9896,0.0
28,2024-01-02 05:00:00,110,130,180,111,0.0,0.0,,96,9898,0.0
29,2024-01-02 06:00:00,130,120,180,114,0.0,0.0,,92,9906,0.0
30,2024-01-02 07:00:00,110,110,160,110,0.0,0.0,,93,9912,0.0
31,2024-01-02 08:00:00,110,90,150,111,0.0,0.0,,91,9917,0.0
32,2024-01-02 09:00:00,90,90,140,111,60000.0,0.0,,93,9912,0.021953765865442225
33,2024-01-02 10:00:00,90,90,140,117,170000.0,0.0,,89,9910,0.04014482189022344
34,2024-01-02 11:00:00,70,90,130,116,80000.0,0.0,,93,9899,0.014980415786883496
35,2024-01-02 12:00:00,90,80,120,113,80000.0,0.0,,95,9884,0.012545351630572224
36,2024-01-02 13:00:00,90,100,130,109,90000.0,0.0,,96,9862,0.01165037142516287
37,2024-01-02 14:00:00,100,100,140,115,60000.0,0.0,,95,9848,0.005457497440453283
38,2024-01-02 15:00:00,100,120,150,115,20000.0,0.0,,95,9826,0.0003775224383448342
39,2024-01-02 16:00:00,130,130,170,116,10000.0,0.0,,94,9815,0.0011333282160832263
40,2024-01-02 17:00:00,140,160,240,124,0.0,0.0,,84,9806,0.0
41,2024-01-02 18:00:00,170,170,270,117,0.0,0.0,,77,9805,0.0
42,2024-01-02 19:00:00,170,180,270,114,0.0,0.0,,78,9802,0.0
43,2024-01-02 20:00:00,180,180,280,114,0.0,0.0,,78,9810,0.0
44,2024-01-02 21:00:00,180,150,260,109,0.0,0.0,,80,9820,0.0
45,2024-01-02 22:00:00,180,210,260,101,0.0,0.0,,80,9834,0.0
46,2024-01-02 23:00:00,160,160,240,96,0.0,0.0,,90,9845,0.0
47,2024-01-03 00:00:00,170,170,250,107,0.0,0.0,,78,9858,0.0
48,2024-01-03 01:00:00,160,150,240,108,0.0,0.0,,77,9867,0.0
49,2024-01-03 02:00:00,150,140,220,106,0.0,0.0,,77,9875,0.0
50,2024-01-03 03:00:00,130,130,200,107,0.0,0.0,,77,9878,0.0
51,2024-01-03 04:00:00,120,110,170,105,0.0,0.0,,81,9879,0.0
52,2024-01-03 05:00:00,110,100,170,103,0.0,0.0,,86,9881,0.0
53,2024-01-03 06:00:00,120,120,160,99,0.0,0.0,,88,9882,0.0
54,2024-01-03 07:00:00,110,120,160,100,0.0,0.0,,86,9886,0.0
55,2024-01-03 08:00:00,110,100,170,104,0.0,0.0,,83,9891,0.0
56,2024-01-03 09:00:00,100,100,150,99,50000.0,0.0,,87,9895,0.01823562417267862
57,2024-01-03 10:00:00,100,100,150,104,210000.0,0.0,,82,9899,0.04950659733718598
58,2024-01-03 11:00:00,100,100,140,107,360000.0,0.2,,79,9902,0.0673381196767801
59,2024-01-03 12:00:00,90,70,150,105,380000.0,0.0,,84,9899,0.05955497442266363
60,2024-01-03 13:00:00,90,90,130,107,330000.0,0.0,,83,9893,0.04273459163153347
61,2024-01-03 14:00:00,80,100,150,96,160000.0,0.0,,87,9890,0.014630656881334986
62,2024-01-03 15:00:00,90,90,140,99,100000.0,0.2,,86,9887,0.0018876121917241711
63,2024-01-03 16:00:00,90,90,160,92,30000.0,0.0,,88,9887,0.0033999846482496788
64,2024-01-03 17:00:00,80,70,130,83,0.0,0.0,,90,9889,0.0
65,2024-01-03 18:00:00,70,110,140,95,0.0,0.0,,89,9895,0.0
66,2024-01-03 19:00:00,90,100,160,92,0.0,0.0,,88,9900,0.0
67,2024-01-03 20:00:00,90,80,160,84,0.0,0.0,,94,9910,0.0
68,2024-01-03 21:00:00,100,110,130,89,0.0,0.0,,91,9919,0.0
69,2024-01-03 22:00:00,110,120,170,83,0.0,0.0,,93,9930,0.0
70,2024-01-03 23:00:00,100,100,140,85,0.0,0.0,,91,9944,0.0
71,2024-01-04 00:00:00,90,90,120,89,0.0,0.0,,89,9956,0.0
72,2024-01-04 01:00:00,100,100,130,90,0.0,0.0,,89,9964,0.0
73,2024-01-04 02:00:00,90,90,150,90,0.0,0.0,,91,9974,0.0
74,2024-01-04 03:00:00,90,90,120,89,0.0,0.0,,90,9982,0.0
75,2024-01-04 04:00:00,90,80,120,89,0.0,0.0,,90,9989,0.0
76,2024-01-04 05:00:00,80,90,120,90,0.0,0.0,,89,9995,0.0
77,2024-01-04 06:00:00,90,80,120,88,0.0,0.0,,90,10002,0.0
78,2024-01-04 07:00:00,90,110,150,85,0.0,0.0,,87,10010,0.0
79,2024-01-04 08:00:00,70,80,110,88,0.0,0.0,,91,10017,0.0
80,2024-01-04 09:00:00,80,70,110,92,90000.0,0.2,,90,10020,0.03269418774222514
81,2024-01-04 10:00:00,80,80,110,90,280000.0,0.30000000000000004,,91,10028,0.06587499572930867
82,2024-01-04 11:00:00,70,60,90,93,340000.0,0.0,,88,10030,0.06351388483891277
83,2024-01-04 12:00:00,60,80,110,78,170000.0,0.0,,88,10031,0.026622817303161177
84,2024-01-04 13:00:00,60,70,100,89,410000.0,0.2,,86,10031,0.05310784589588881
85,2024-01-04 14:00:00,60,50,90,89,270000.0,0.2,,84,10030,0.024816574084359496
86,2024-01-04 15:00:00,50,40,80,85,200000.0,1.0,,85,10031,0.0037752243834483423
87,2024-01-04 16:00:00,40,40,70,80,40000.0,0.0,,87,10029,0.004533312864332905
88,2024-01-04 17:00:00,40,40,60,80,0.0,0.0,,85,10028,0.0
89,2024-01-04 18:00:00,50,50,60,82,0.0,0.0,,85,10026,0.0
90,2024-01-04 19:00:00,60,60,90,82,0.0,0.0,,86,10018,0.0
91,2024-01-04 20:00:00,60,60,80,82,0.0,0.0,,90,10011,0.0
92,2024-01-04 21:00:00,80,70,100,77,0.0,0.0,,94,9999,0.0
93,2024-01-04 22:00:00,80,90,120,79,0.0,0.0,,94,9987,0.0
94,2024-01-04 23:00:00,90,90,120,83,0.0,0.0,,93,9978,0.0
95,2024-01-05 00:00:00,90,80,110,86,0.0,0.0,,92,9968,0.0
96,2024-01-05 01:00:00,80,80,110,91,0.0,0.0,,90,9959,0.0
97,2024-01-05 02:00:00,80,80,110,94,0.0,0.0,,87,9950,0.0
98,2024-01-05 03:00:00,80,90,110,93,0.0,0.0,,86,9941,0.0
99,2024-01-05 04:00:00,100,100,140,93,0.0,0.0,,81,9932,0.0
100,2024-01-05 05:00:00,100,100,150,87,0.0,0.0,,77,9926,0.0
101,2024-01-05 06:00:00,100,110,140,78,0.0,0.0,,78,9924,0.0
102,2024-01-05 07:00:00,100,90,140,68,0.0,0.0,,90,9920,0.0
103,2024-01-05 08:00:00,90,80,120,65,0.0,0.0,,94,9915,0.0
104,2024-01-05 09:00:00,100,100,140,75,20000.0,0.0,,94,9908,0.0072314888300332725
105,2024-01-05 10:00:00,90,70,140,87,60000.0,0.0,,95,9908,0.014082872396969202
106,2024-01-05 11:00:00,100,90,120,75,110000.0,0.0,,95,9930,0.02051740240256027
107,2024-01-05 12:00:00,90,90,110,76,140000.0,0.0,,89,9943,0.021904551510774473
108,2024-01-05 13:00:00,80,80,100,79,130000.0,0.0,,87,9951,0.016841051544199875
109,2024-01-05 14:00:00,70,70,90,86,350000.0,0.30000000000000004,,82,9961,0.032330314988900204
110,2024-01-05 15:00:00,60,50,80,82,120000.0,0.2,,84,9972,0.0022651346300690055
111,2024-01-05 16:00:00,50,40,60,84,10000.0,0.0,,85,9980,0.0011333282160832263
112,2024-01-05 17:00:00,50,60,80,79,0.0,0.0,,92,9990,0.0
113,2024-01-05 18:00:00,80,80,100,80,0.0,0.0,,87,9999,0.0
114,2024-01-05 19:00:00,70,70,100,81,0.0,0.0,,84,10007,0.0
115,2024-01-05 20:00:00,70,90,100,82,0.0,0.0,,86,10014,0.0
116,2024-01-05 21:00:00,80,70,110,73,0.0,0.0,,90,10022,0.0
117,2024-01-05 22:00:00,70,80,90,75,0.0,0.0,,83,10030,0.0
118,2024-01-05 23:00:00,80,80,100,69,0.0,0.0,,86,10037,0.0
119,2024-01-06 00:00:00,80,80,110,66,0.0,0.0,,87,10044,0.0
120,2024-01-06 01:00:00,80,80,100,64,0.0,0.0,,85,10049,0.0
121,2024-01-06 02:00:00,90,90,120,61,0.0,0.0,,86,10058,0.0
122,2024-01-06 03:00:00,90,90,110,58,0.0,0.0,,86,10066,0.0
123,2024-01-06 04:00:00,90,90,110,56,0.0,0.0,,88,10071,0.0
124,2024-01-06 05:00:00,100,100,120,55,0.0,0.0,,89,10078,0.0
125,2024-01-06 06:00:00,100,100,130,54,0.0,0.0,,84,10084,0.0
126,2024-01-06 07:00:00,100,100,130,51,0.0,0.0,,83,10094,0.0
127,2024-01-06 08:00:00,100,100,140,50,0.0,0.0,,83,10104,0.0
128,2024-01-06 09:00:00,100,100,120,49,10000.0,0.0,,82,10113,0.0035964053367793826
129,2024-01-06 10:00:00,100,100,120,51,110000.0,0.0,,79,10122,0.02574969916052794
130,2024-01-06 11:00:00,100,90,130,54,90000.0,0.0,,76,10127,0.016758030659292364
131,2024-01-06 12:00:00,100,90,120,52,140000.0,0.0,,77,10132,0.0218810365494118
132,2024-01-06 13:00:00,100,120,130,50,180000.0,0.0,,79,10132,0.023318053219429907
133,2024-01-06 14:00:00,100,100,130,50,210000.0,0.0,,82,10137,0.019491805599777406
134,2024-01-06 15:00:00,110,110,150,48,110000.0,0.0,,84,10145,0.0020763734108965883
135,2024-01-06 16:00:00,110,120,140,46,20000.0,0.0,,79,10151,0.0022666564321664525
136,2024-01-06 17:00:00,100,90,140,46,0.0,0.0,,80,10156,0.0
137,2024-01-06 18:00:00,100,90,140,41,0.0,0.0,,81,10162,0.0
138,2024-01-06 19:00:00,80,80,120,33,0.0,0.0,,81,10165,0.0
139,2024-01-06 20:00:00,90,100,120,39,0.0,0.0,,78,10170,0.0
140,2024-01-06 21:00:00,100,110,130,40,0.0,0.0,,77,10172,0.0
141,2024-01-06 22:00:00,90,110,140,32,0.0,0.0,,78,10176,0.0
142,2024-01-06 23:00:00,110,110,130,32,0.0,0.0,,76,10180,0.0
143,2024-01-07 00:00:00,120,110,150,17,0.0,0.0,,78,10185,0.0
144,2024-01-07 01:00:00,100,80,150,14,0.0,0.0,,80,10189,0.0
145,2024-01-07 02:00:00,90,90,120,12,0.0,0.0,,80,10194,0.0
146,2024-01-07 03:00:00,100,100,120,12,0.0,0.0,,81,10198,0.0
147,2024-01-07 04:00:00,110,100,130,12,0.0,0.0,,82,10203,0.0
148,2024-01-07 05:00:00,110,100,130,13,0.0,0.0,,81,10209,0.0
149,2024-01-07 06:00:00,90,90,140,13,0.0,0.0,,81,10216,0.0
150,2024-01-07 07:00:00,80,60,130,12,0.0,0.0,,82,10225,0.0
151,2024-01-07 08:00:00,90,100,120,11,0.0,0.0,,82,10232,0.0
152,2024-01-07 09:00:00,90,90,120,12,30000.0,0.0,,80,10240,0.010724378616925252
153,2024-01-07 10:00:00,80,90,110,12,130000.0,0.0,,78,10248,0.03034087802634785
154,2024-01-07 11:00:00,100,90,130,3,230000.0,0.0,,73,10253,0.042743720942224374
155,2024-01-07 12:00:00,90,90,120,13,530000.0,0.30000000000000004,,71,10256,0.08273387462429384
156,2024-01-07 13:00:00,90,100,120,18,810000.0,1.0,,69,10256,0.10491627518664133
157,2024-01-07 14:00:00,100,100,130,12,660000.0,1.0,,67,10263,0.06154497170098102
158,2024-01-07 15:00:00,100,90,130,6,360000.0,1.0,,67,10272,0.006795403890207016
159,2024-01-07 16:00:00,90,90,120,0,70000.0,0.2,,68,10280,0.007933297512582585
160,2024-01-07 17:00:00,80,80,110,-3,0.0,0.0,,70,10288,0.0
161,2024-01-07 18:00:00,80,70,100,-5,0.0,0.0,,71,10295,0.0
162,2024-01-07 19:00:00,60,70,90,-9,0.0,0.0,,76,10301,0.0
163,2024-01-07 20:00:00,60,70,80,-13,0.0,0.0,,81,10307,0.0
164,2024-01-07 21:00:00,80,80,100,-12,0.0,0.0,,82,10308,0.0
165,2024-01-07 22:00:00,90,80,110,-6,0.0,0.0,,78,10309,0.0
166,2024-01-07 23:00:00,80,80,100,-8,0.0,0.0,,81,10312,0.0
167,2024-01-08 00:00:00,80,70,110,-13,0.0,0.0,,84,10313,0.0
168,2024-01-08 01:00:00,50,50,90,-22,0.0,0.0,,86,10313,0.0
169,2024-01-08 02:00:00,60,70,80,-12,0.0,0.0,,76,10316,0.0
170,2024-01-08 03:00:00,80,80,110,-12,0.0,0.0,,69,10319,0.0
171,2024-01-08 04:00:00,90,90,120,-13,0.0,0.0,,69,10320,0.0
172,2024-01-08 05:00:00,80,70,110,-22,0.0,0.0,,72,10322,0.0
173,2024-01-08 06:00:00,70,70,90,-24,0.0,0.0,,76,10321,0.0
174,2024-01-08 07:00:00,80,80,100,-14,0.0,0.0,,77,10320,0.0
175,2024-01-08 08:00:00,90,90,120,-8,0.0,0.0,,69,10323,0.0
176,2024-01-08 09:00:00,80,80,110,-6,70000.0,0.0,,70,10323,0.02485728330563954
177,2024-01-08 10:00:00,100,100,140,-3,170000.0,0.0,,63,10331,0.03954658508819083
178,2024-01-08 11:00:00,110,110,140,-4,360000.0,0.0,,63,10328,0.06676161206113415
179,2024-01-08 12:00:00,110,110,150,-7,290000.0,0.0,,69,10326,0.04520736439529503
180,2024-01-08 13:00:00,90,100,130,-1,340000.0,0.0,,64,10320,0.044027120522966944
181,2024-01-08 14:00:00,110,110,160,0,400000.0,0.5,,64,10316,0.037466906612986246
182,2024-01-08 15:00:00,110,120,150,-5,210000.0,0.7000000000000001,,64,10317,0.00396398560262076
183,2024-01-08 16:00:00,110,100,150,-7,30000.0,0.0,,60,10319,0.0033999846482496788
184,2024-01-08 17:00:00,100,100,140,-11,0.0,0.0,,61,10323,0.0
185,2024-01-08 18:00:00,100,100,140,-14,0.0,0.0,,63,10329,0.0
186,2024-01-08 19:00:00,110,110,150,-15,0.0,0.0,,63,10332,0.0
187,2024-01-08 20:00:00,100,100,150,-17,0.0,0.0,,64,10333,0.0
188,2024-01-08 21:00:00,100,90,150,-20,0.0,0.0,,66,10334,0.0
189,2024-01-08 22:00:00,90,90,120,-23,0.0,0.0,,66,10334,0.0
190,2024-01-08 23:00:00,90,90,130,-25,0.0,0.0,,69,10337,0.0
191,2024-01-09 00:00:00,90,90,120,-26,0.0,0.0,,69,10338,0.0
192,2024-01-09 01:00:00,90,80,120,-30,0.0,0.0,,69,10336,0.0
193,2024-01-09 02:00:00,90,90,130,-32,0.0,0.0,,70,10337,0.0
194,2024-01-09 03:00:00,80,80,120,-35,0.0,0.0,,70,10333,0.0
195,2024-01-09 04:00:00,80,90,110,-36,0.0,0.0,,70,10331,0.0
196,2024-01-09 05:00:00,80,80,120,-38,0.0,0.0,,72,10329,0.0
197,2024-01-09 06:00:00,80,90,110,-41,0.0,0.0,,72,10330,0.0
198,2024-01-09 07:00:00,90,80,120,-42,0.0,0.0,,71,10334,0.0
199,2024-01-09 08:00:00,90,90,120,-44,0.0,0.0,,69,10339,0.0
200,2024-01-09 09:00:00,90,80,120,-39,170000.0,0.7000000000000001,,64,10342,0.05992993758164041
201,2024-01-09 10:00:00,90,90,120,-30,510000.0,1.0,,57,10344,0.11821698827201077
202,2024-01-09 11:00:00,80,80,130,-18,800000.0,1.0,,50,10338,0.14801736059008444
203,2024-01-09 12:00:00,80,90,120,-5,940000.0,1.0,,43,10333,0.14631230314773977
204,2024-01-09 13:00:00,80,80,110,5,920000.0,1.0,,39,10327,0.11908569582748386
205,2024-01-09 14:00:00,90,90,120,1,730000.0,1.0,,40,10323,0.06867078685514148
206,2024-01-09 15:00:00,90,90,120,-2,420000.0,1.0,,41,10321,0.00792797120524152
207,2024-01-09 16:00:00,100,100,130,-10,90000.0,0.2,,45,10321,0.010199953944749037
208,2024-01-09 17:00:00,100,100,150,-15,0.0,0.0,,47,10321,0.0
209,2024-01-09 18:00:00,100,100,130,-18,0.0,0.0,,49,10321,0.0
210,2024-01-09 19:00:00,100,90,130,-19,0.0,0.0,,48,10322,0.0
211,2024-01-09 20:00:00,70,60,120,-23,0.0,0.0,,50,10320,0.0
212,2024-01-09 21:00:00,70,80,110,-23,0.0,0.0,,49,10321,0.0
213,2024-01-09 22:00:00,70,70,100,-25,0.0,0.0,,49,10320,0.0
214,2024-01-09 23:00:00,70,70,100,-29,0.0,0.0,,53,10320,0.0
215,2024-01-10 00:00:00,80,80,90,-35,0.0,0.0,,61,10317,0.0
216,2024-01-10 01:00:00,70,70,90,-35,0.0,0.0,,65,10313,0.0
217,2024-01-10 02:00:00,70,70,90,-38,0.0,0.0,,67,10312,0.0
218,2024-01-10 03:00:00,70,70,90,-37,0.0,0.0,,66,10308,0.0
219,2024-01-10 04:00:00,80,80,100,-40,0.0,0.0,,69,10305,0.0
220,2024-01-10 05:00:00,70,70,90,-42,0.0,0.0,,68,10303,0.0
221,2024-01-10 06:00:00,60,60,80,-43,0.0,0.0,,68,10302,0.0
222,2024-01-10 07:00:00,60,70,90,-42,0.0,0.0,,66,10302,0.0
223,2024-01-10 08:00:00,60,50,80,-43,0.0,0.0,,67,10302,0.0
224,2024-01-10 09:00:00,60,70,100,-34,170000.0,0.7000000000000001,,60,10301,0.05946076106481027
225,2024-01-10 10:00:00,60,70,90,-20,520000.0,1.0,,53,10302,0.12007200431809716
226,2024-01-10 11:00:00,60,60,90,-9,790000.0,1.0,,44,10299,0.1458040216526082
227,2024-01-10 12:00:00,70,60,90,-1,910000.0,1.0,,43,10298,0.14140879732973516
228,2024-01-10 13:00:00,60,70,90,5,880000.0,1.0,,42,10295,0.11385005290237203
229,2024-01-10 14:00:00,60,60,80,10,680000.0,1.0,,41,10292,0.06423040419427868
230,2024-01-10 15:00:00,60,60,80,2,380000.0,1.0,,47,10293,0.00717292632855185
231,2024-01-10 16:00:00,60,60,80,-6,70000.0,0.2,,52,10295,0.007933297512582585
232,2024-01-10 17:00:00,60,60,70,-12,0.0,0.0,,55,10299,0.0
233,2024-01-10 18:00:00,50,50,70,-15,0.0,0.0,,57,10307,0.0
234,2024-01-10 19:00:00,40,40,70,-17,0.0,0.0,,57,10311,0.0
235,2024-01-10 20:00:00,40,40,60,-22,0.0,0.0,,58,10314,0.0
236,2024-01-10 21:00:00,40,40,60,-24,0.0,0.0,,59,10319,0.0
237,2024-01-10 22:00:00,40,40,50,-26,0.0,0.0,,60,10324,0.0
238,2024-01-10 23:00:00,50,50,70,-28,0.0,0.0,,62,10326,0.0
239,2024-01-11 00:00:00,50,40,60,-31,0.0,0.0,,64,10329,0.0
240,2024-01-11 01:00:00,40,40,60,-33,0.0,0.0,,66,10330,0.0
241,2024-01-11 02:00:00,40,30,60,-33,0.0,0.0,,67,10334,0.0
242,2024-01-11 03:00:00,30,30,50,-38,0.0,0.0,,70,10336,0.0
243,2024-01-11 04:00:00,30,40,50,-43,0.0,0.0,,74,10336,0.0
244,2024-01-11 05:00:00,30,40,60,-54,0.0,0.0,,78,10342,0.0
245,2024-01-11 06:00:00,50,40,70,-50,0.0,0.0,,84,10344,0.0
246,2024-01-11 07:00:00,40,50,60,-44,0.0,0.0,,87,10349,0.0
247,2024-01-11 08:00:00,60,50,90,-41,0.0,0.0,,88,10350,0.0
248,2024-01-11 09:00:00,30,30,60,-32,320000.0,0.8,,84,10353,0.11098874293778528
249,2024-01-11 10:00:00,60,80,100,-1,590000.0,0.8,,79,10362,0.1356760131834282
250,2024-01-11 11:00:00,60,40,90,6,290000.0,0.0,,84,10360,0.05338072972122926
251,2024-01-11 12:00:00,40,40,60,18,290000.0,0.0,,82,10360,0.04498394268513288
252,2024-01-11 13:00:00,20,10,50,23,250000.0,0.0,,81,10353,0.03232356989511729
253,2024-01-11 14:00:00,20,20,20,26,220000.0,0.0,,81,10349,0.020862088048852777
254,2024-01-11 15:00:00,20,20,30,30,120000.0,0.0,,84,10347,0.0022651346300690055
255,2024-01-11 16:00:00,30,40,70,25,20000.0,0.0,,90,10346,0.0022666564321664525
256,2024-01-11 17:00:00,60,60,90,59,0.0,0.0,,83,10345,0.0
257,2024-01-11 18:00:00,80,90,110,62,0.0,0.0,,82,10346,0.0
258,2024-01-11 19:00:00,90,90,110,62,0.0,0.0,,81,10346,0.0
259,2024-01-11 20:00:00,90,100,110,61,0.0,0.0,,81,10347,0.0
260,2024-01-11 21:00:00,90,80,120,59,0.0,0.0,,79,10348,0.0
261,2024-01-11 22:00:00,90,70,130,55,0.0,0.0,,81,10348,0.0
262,2024-01-11 23:00:00,60,60,110,52,0.0,0.0,,82,10349,0.0
263,2024-01-12 00:00:00,60,70,100,54,0.0,0.0,,82,10349,0.0
264,2024-01-12 01:00:00,80,70,100,52,0.0,0.0,,82,10347,0.0
265,2024-01-12 02:00:00,60,50,100,52,0.0,0.0,,81,10348,0.0
266,2024-01-12 03:00:00,40,40,70,49,0.0,0.0,,82,10345,0.0
267,2024-01-12 04:00:00,30,30,60,47,0.0,0.0,,84,10343,0.0
268,2024-01-12 05:00:00,30,30,50,50,0.0,0.0,,81,10342,0.0
269,2024-01-12 06:00:00,30,30,50,49,0.0,0.0,,81,10342,0.0
270,2024-01-12 07:00:00,30,30,40,46,0.0,0.0,,84,10344,0.0
271,2024-01-12 08:00:00,20,20,40,49,0.0,0.0,,81,10344,0.0
272,2024-01-12 09:00:00,60,80,100,58,40000.0,0.0,,76,10345,0.01375026309826542
273,2024-01-12 10:00:00,70,60,100,61,110000.0,0.0,,77,10345,0.0251851995991151
274,2024-01-12 11:00:00,60,60,100,62,220000.0,0.0,,75,10343,0.04038133647794046
275,2024-01-12 12:00:00,60,60,90,64,280000.0,0.0,,75,10339,0.043349762478658904
276,2024-01-12 13:00:00,60,50,90,63,260000.0,0.0,,80,10334,0.03359177670438839
277,2024-01-12 14:00:00,50,60,80,65,410000.0,0.30000000000000004,,78,10328,0.03902500175650302
278,2024-01-12 15:00:00,60,60,90,55,180000.0,0.30000000000000004,,86,10327,0.003397701945103508
279,2024-01-12 16:00:00,60,60,80,48,40000.0,0.0,,88,10324,0.004533312864332905
280,2024-01-12 17:00:00,50,40,80,48,0.0,0.0,,90,10323,0.0
281,2024-01-12 18:00:00,40,50,70,48,0.0,0.0,,94,10321,0.0
282,2024-01-12 19:00:00,60,50,80,51,0.0,0.0,,87,10317,0.0
283,2024-01-12 20:00:00,40,30,70,44,0.0,0.0,,93,10315,0.0
284,2024-01-12 21:00:00,20,10,50,37,0.0,0.0,,98,10313,0.0
285,2024-01-12 22:00:00,10,10,20,41,0.0,0.0,,96,10306,0.0
286,2024-01-12 23:00:00,20,20,30,43,0.0,0.0,,97,10301,0.0
287,2024-01-13 00:00:00,30,30,50,50,0.0,0.0,,96,10293,0.0
288,2024-01-13 01:00:00,40,50,70,51,0.0,0.0,,94,10286,0.0
289,2024-01-13 02:00:00,40,40,70,50,0.0,0.0,,94,10280,0.0
290,2024-01-13 03:00:00,50,50,80,47,0.0,0.0,,96,10272,0.0
291,2024-01-13 04:00:00,70,70,100,47,0.0,0.0,,96,10263,0.0
292,2024-01-13 05:00:00,70,70,110,50,0.0,0.0,,89,10261,0.0
293,2024-01-13 06:00:00,80,70,110,47,0.0,0.0,,87,10256,0.0
294,2024-01-13 07:00:00,80,80,110,46,0.0,0.0,,86,10249,0.0
295,2024-01-13 08:00:00,80,90,120,44,0.0,0.0,,84,10245,0.0
296,2024-01-13 09:00:00,90,100,130,44,20000.0,0.0,,83,10243,0.006810703045420483
297,2024-01-13 10:00:00,80,70,120,40,50000.0,0.0,,83,10240,0.011395111375776675
298,2024-01-13 11:00:00,80,80,110,40,90000.0,0.0,,80,10237,0.016470338965285984
299,2024-01-13 12:00:00,70,60,100,42,100000.0,0.0,,82,10226,0.015450581920816303
300,2024-01-13 13:00:00,60,70,80,48,120000.0,0.0,,83,10221,0.015490820612894954
301,2024-01-13 14:00:00,60,70,90,51,60000.0,0.0,,85,10214,0.00573132628478251
302,2024-01-13 15:00:00,60,60,80,50,40000.0,0.0,,88,10209,0.0007550448766896684
303,2024-01-13 16:00:00,80,70,100,51,10000.0,0.0,,86,10207,0.0011333282160832263
304,2024-01-13 17:00:00,60,60,80,50,0.0,0.0,,90,10204,0.0
305,2024-01-13 18:00:00,70,70,90,52,0.0,0.0,,92,10199,0.0
306,2024-01-13 19:00:00,70,70,100,58,0.0,0.0,,92,10195,0.0
307,2024-01-13 20:00:00,80,80,110,60,0.0,0.0,,89,10188,0.0
308,2024-01-13 21:00:00,80,80,100,56,0.0,0.0,,89,10180,0.0
309,2024-01-13 22:00:00,80,80,100,61,0.0,0.0,,89,10173,0.0
310,2024-01-13 23:00:00,80,80,100,63,0.0,0.0,,86,10168,0.0
311,2024-01-14 00:00:00,80,90,120,60,0.0,0.0,,90,10163,0.0
312,2024-01-14 01:00:00,70,70,110,58,0.0,0.0,,93,10157,0.0
313,2024-01-14 02:00:00,70,80,120,58,0.0,0.0,,92,10152,0.0
314,2024-01-14 03:00:00,60,60,110,53,0.0,0.0,,93,10145,0.0
315,2024-01-14 04:00:00,50,60,90,56,0.0,0.0,,84,10137,0.0
316,2024-01-14 05:00:00,70,70,90,61,0.0,0.0,,90,10131,0.0
317,2024-01-14 06:00:00,70,70,90,60,0.0,0.0,,87,10125,0.0
318,2024-01-14 07:00:00,80,70,100,57,0.0,0.0,,83,10117,0.0
319,2024-01-14 08:00:00,70,70,100,59,0.0,0.0,,78,10117,0.0
320,2024-01-14 09:00:00,70,70,90,60,60000.0,0.0,,83,10114,0.02023147202072226
321,2024-01-14 10:00:00,70,70,100,59,100000.0,0.0,,82,10111,0.02268004782283023
322,2024-01-14 11:00:00,70,70,120,58,100000.0,0.0,,74,10102,0.018242978742892484
323,2024-01-14 12:00:00,90,80,120,58,210000.0,0.0,,69,10093,0.032376477311914016
324,2024-01-14 13:00:00,70,70,110,72,550000.0,0.2,,64,10082,0.07093235385334591
325,2024-01-14 14:00:00,80,90,120,46,340000.0,0.2,,86,10075,0.032587343771479045
326,2024-01-14 15:00:00,80,80,120,51,120000.0,0.0,,87,10070,0.0022651346300690055
327,2024-01-14 16:00:00,90,100,150,44,40000.0,0.0,,88,10064,0.004533312864332905
328,2024-01-14 17:00:00,100,120,170,52,0.0,0.0,,83,10061,0.0
329,2024-01-14 18:00:00,110,110,150,47,0.0,0.0,,84,10058,0.0
330,2024-01-14 19:00:00,120,130,160,52,0.0,0.0,,75,10054,0.0
331,2024-01-14 20:00:00,130,120,180,42,0.0,0.0,,87,10053,0.0
332,2024-01-14 21:00:00,120,100,170,40,0.0,0.0,,91,10049,0.0
333,2024-01-14 22:00:00,120,120,190,31,0.0,0.0,,88,10049,0.0
334,2024-01-14 23:00:00,100,140,190,41,0.0,0.0,,78,10047,0.0
335,2024-01-15 00:00:00,110,120,170,41,0.0,0.0,,77,10044,0.0
336,2024-01-15 01:00:00,110,120,160,46,0.0,0.0,,72,10036,0.0
337,2024-01-15 02:00:00,120,140,160,35,0.0,0.0,,81,10035,0.0
338,2024-01-15 03:00:00,110,120,160,42,0.0,0.0,,78,10034,0.0
339,2024-01-15 04:00:00,110,130,160,39,0.0,0.0,,80,10029,0.0
340,2024-01-15 05:00:00,120,120,170,31,0.0,0.0,,90,10025,0.0
341,2024-01-15 06:00:00,130,120,200,17,0.0,0.0,,93,10027,0.0
342,2024-01-15 07:00:00,130,140,240,29,0.0,0.0,,85,10022,0.0
343,2024-01-15 08:00:00,140,130,200,30,0.0,0.0,,80,10023,0.0
344,2024-01-15 09:00:00,140,160,190,25,110000.0,0.2,,86,10027,0.03671142414817924
345,2024-01-15 10:00:00,140,170,220,19,240000.0,0.30000000000000004,,90,10030,0.054157124051112136
346,2024-01-15 11:00:00,130,150,190,31,230000.0,0.2,,83,10033,0.04182117842134541
347,2024-01-15 12:00:00,120,120,170,33,550000.0,0.30000000000000004,,80,10035,0.08460385019503995
348,2024-01-15 13:00:00,130,120,200,30,440000.0,0.2,,75,10042,0.05668649241439419
349,2024-01-15 14:00:00,120,150,200,42,340000.0,0.30000000000000004,,70,10043,0.032691685926019634
350,2024-01-15 15:00:00,150,160,210,44,290000.0,0.7000000000000001,,74,10048,0.005474075356000097
351,2024-01-15 16:00:00,130,110,180,37,60000.0,0.2,,74,10057,0.0067999692964993575
352,2024-01-15 17:00:00,100,100,160,40,0.0,0.0,,72,10063,0.0
353,2024-01-15 18:00:00,130,140,180,31,0.0,0.0,,84,10070,0.0
354,2024-01-15 19:00:00,120,100,170,31,0.0,0.0,,82,10076,0.0
355,2024-01-15 20:00:00,110,110,160,34,0.0,0.0,,75,10082,0.0
356,2024-01-15 21:00:00,110,100,160,25,0.0,0.0,,84,10083,0.0
357,2024-01-15 22:00:00,110,120,150,36,0.0,0.0,,66,10086,0.0
358,2024-01-15 23:00:00,110,120,160,31,0.0,0.0,,80,10092,0.0
359,2024-01-16 00:00:00,100,110,150,30,0.0,0.0,,80,10096,0.0
360,2024-01-16 01:00:00,90,90,130,23,0.0,0.0,,83,10098,0.0
361,2024-01-16 02:00:00,90,60,140,20,0.0,0.0,,86,10097,0.0
362,2024-01-16 03:00:00,80,90,120,34,0.0,0.0,,77,10094,0.0
363,2024-01-16 04:00:00,90,90,110,32,0.0,0.0,,68,10090,0.0
364,2024-01-16 05:00:00,80,80,110,31,0.0,0.0,,66,10089,0.0
365,2024-01-16 06:00:00,70,70,110,29,0.0,0.0,,68,10084,0.0
366,2024-01-16 07:00:00,70,80,110,28,0.0,0.0,,67,10085,0.0
367,2024-01-16 08:00:00,70,70,110,26,0.0,0.0,,59,10088,0.0
368,2024-01-16 09:00:00,80,80,110,25,80000.0,0.0,,61,10087,0.02641579605768729
369,2024-01-16 10:00:00,80,80,110,30,350000.0,0.30000000000000004,,56,10086,0.07856395522916072
370,2024-01-16 11:00:00,70,60,110,37,860000.0,1.0,,57,10083,0.15584031901725492
371,2024-01-16 12:00:00,70,70,100,39,870000.0,0.8,,55,10077,0.13351126999955973
372,2024-01-16 13:00:00,70,60,100,43,960000.0,1.0,,57,10071,0.1235383842058249
373,2024-01-16 14:00:00,70,70,90,39,530000.0,0.8,,56,10065,0.05111471623743702
374,2024-01-16 15:00:00,60,60,90,34,280000.0,0.8,,60,10060,0.005349032651997011
375,2024-01-16 16:00:00,60,60,80,35,70000.0,0.30000000000000004,,63,10059,0.007933297512582585
376,2024-01-16 17:00:00,60,70,100,33,0.0,0.0,,67,10055,0.0
377,2024-01-16 18:00:00,70,80,110,25,0.0,0.0,,73,10051,0.0
378,2024-01-16 19:00:00,80,80,120,15,0.0,0.0,,71,10045,0.0
379,2024-01-16 20:00:00,80,80,120,12,0.0,0.0,,70,10038,0.0
380,2024-01-16 21:00:00,80,80,120,11,0.0,0.0,,71,10035,0.0
381,2024-01-16 22:00:00,70,70,110,10,0.0,0.0,,74,10024,0.0
382,2024-01-16 23:00:00,80,90,120,7,0.0,0.0,,77,10016,0.0
383,2024-01-17 00:00:00,80,90,110,6,0.0,0.0,,78,10007,0.0
384,2024-01-17 01:00:00,70,70,100,2,0.0,0.0,,79,9998,0.0
385,2024-01-17 02:00:00,70,70,100,-1,0.0,0.0,,80,9992,0.0
386,2024-01-17 03:00:00,60,70,90,-3,0.0,0.0,,81,9983,0.0
387,2024-01-17 04:00:00,70,70,90,-3,0.0,0.0,,79,9968,0.0
388,2024-01-17 05:00:00,70,70,100,-2,0.0,0.0,,79,9956,0.0
389,2024-01-17 06:00:00,60,60,80,-4,0.0,0.0,,80,9946,0.0
390,2024-01-17 07:00:00,60,60,80,-6,0.0,0.0,,82,9939,0.0
391,2024-01-17 08:00:00,60,50,80,-5,0.0,0.0,,81,9932,0.0
392,2024-01-17 09:00:00,50,40,60,-4,90000.0,0.0,,79,9924,0.02939199937984549
393,2024-01-17 10:00:00,40,40,50,-1,230000.0,0.0,,80,9921,0.05134643509025915
394,2024-01-17 11:00:00,30,20,50,0,340000.0,0.0,,80,9913,0.06139272149247355
395,2024-01-17 12:00:00,20,20,30,7,400000.0,0.0,,74,9904,0.06123312963652522
396,2024-01-17 13:00:00,10,10,20,8,340000.0,0.0,,72,9896,0.0436992319110277
397,2024-01-17 14:00:00,0,10,10,12,240000.0,0.0,,68,9891,0.0232122765815624
398,2024-01-17 15:00:00,10,10,20,14,130000.0,0.0,,69,9890,0.0028454258026045206
399,2024-01-17 16:00:00,10,10,20,7,40000.0,0.0,,71,9891,0.004533312864332905
400,2024-01-17 17:00:00,20,30,40,11,0.0,0.0,,69,9894,0.0
401,2024-01-17 18:00:00,30,30,50,14,0.0,0.0,,78,9903,0.0
402,2024-01-17 19:00:00,40,50,60,24,0.0,0.0,,81,9909,0.0
403,2024-01-17 20:00:00,60,60,80,27,0.0,0.0,,74,9916,0.0
404,2024-01-17 21:00:00,60,50,70,24,0.0,0.0,,76,9920,0.0
405,2024-01-17 22:00:00,50,40,80,27,0.0,0.0,,72,9928,0.0
406,2024-01-17 23:00:00,30,30,60,22,0.0,0.0,,70,9933,0.0
407,2024-01-18 00:00:00,20,20,40,15,0.0,0.0,,69,9940,0.0
408,2024-01-18 01:00:00,20,20,30,2,0.0,0.0,,76,9947,0.0
409,2024-01-18 02:00:00,40,70,90,15,0.0,0.0,,73,9952,0.0
410,2024-01-18 03:00:00,50,40,90,8,0.0,0.0,,77,9955,0.0
411,2024-01-18 04:00:00,30,30,60,3,0.0,0.0,,79,9958,0.0
412,2024-01-18 05:00:00,70,70,90,24,0.0,0.0,,65,9963,0.0
413,2024-01-18 06:00:00,60,50,80,25,0.0,0.0,,67,9969,0.0
414,2024-01-18 07:00:00,60,60,100,11,0.0,0.0,,71,9976,0.0
415,2024-01-18 08:00:00,40,70,110,9,0.0,0.0,,76,9986,0.0
416,2024-01-18 09:00:00,60,80,110,34,140000.0,0.5,,62,9994,0.045205380707827196
417,2024-01-18 10:00:00,90,80,110,40,520000.0,0.8,,60,10007,0.11543431267158966
418,2024-01-18 11:00:00,70,70,130,41,830000.0,1.0,,72,10017,0.14932059542551163
419,2024-01-18 12:00:00,90,100,110,47,700000.0,0.30000000000000004,,72,10026,0.10688366487892854
420,2024-01-18 13:00:00,70,60,100,50,960000.0,1.0,,69,10034,0.123223252851706
421,2024-01-18 14:00:00,60,30,130,30,650000.0,0.7000000000000001,,84,10045,0.06303512520416013
422,2024-01-18 15:00:00,30,30,50,49,430000.0,0.8,,74,10058,0.010551763737459453
423,2024-01-18 16:00:00,50,70,80,40,120000.0,0.30000000000000004,,56,10070,0.013599938592998715
424,2024-01-18 17:00:00,60,60,90,38,0.0,0.0,,55,10083,0.0
425,2024-01-18 18:00:00,50,50,70,33,0.0,0.0,,55,10095,0.0
426,2024-01-18 19:00:00,30,30,60,22,0.0,0.0,,66,10102,0.0
427,2024-01-18 20:00:00,20,20,30,22,0.0,0.0,,71,10110,0.0
428,2024-01-18 21:00:00,30,40,90,29,0.0,0.0,,75,10119,0.0
429,2024-01-18 22:00:00,60,80,170,34,0.0,0.0,,71,10129,0.0
430,2024-01-18 23:00:00,70,110,130,42,0.0,0.0,,73,10132,0.0
431,2024-01-19 00:00:00,100,100,120,37,0.0,0.0,,66,10136,0.0
432,2024-01-19 01:00:00,90,90,120,36,0.0,0.0,,66,10139,0.0
433,2024-01-19 02:00:00,90,100,120,36,0.0,0.0,,69,10145,0.0
434,2024-01-19 03:00:00,90,90,120,34,0.0,0.0,,74,10151,0.0
435,2024-01-19 04:00:00,90,90,120,37,0.0,0.0,,71,10153,0.0
436,2024-01-19 05:00:00,80,50,160,15,0.0,0.0,,93,10164,0.0
437,2024-01-19 06:00:00,80,80,120,27,0.0,0.0,,80,10170,0.0
438,2024-01-19 07:00:00,60,70,90,29,0.0,0.0,,87,10180,0.0
439,2024-01-19 08:00:00,60,50,90,36,10000.0,0.0,,83,10188,0.0011333282160832263
440,2024-01-19 09:00:00,70,70,100,44,140000.0,0.30000000000000004,,74,10194,0.04468305318803161
441,2024-01-19 10:00:00,70,60,90,49,560000.0,1.0,,69,10201,0.12359372586872407
442,2024-01-19 11:00:00,70,80,90,50,840000.0,1.0,,67,10206,0.15054802170313103
443,2024-01-19 12:00:00,80,80,110,53,1000000.0,1.0,,67,10207,0.15228659053001267
444,2024-01-19 13:00:00,80,70,110,54,920000.0,1.0,,65,10210,0.11792343028977391
445,2024-01-19 14:00:00,70,70,100,54,820000.0,1.0,,65,10212,0.07972124440707101
446,2024-01-19 15:00:00,70,70,100,49,450000.0,1.0,,67,10215,0.012178076647041063
447,2024-01-19 16:00:00,70,80,100,47,130000.0,0.5,,68,10220,0.014733266809081942
448,2024-01-19 17:00:00,70,70,110,44,0.0,0.0,,70,10225,0.0
449,2024-01-19 18:00:00,70,80,110,45,0.0,0.0,,70,10228,0.0
450,2024-01-19 19:00:00,80,70,120,46,0.0,0.0,,69,10234,0.0
451,2024-01-19 20:00:00,80,80,110,47,0.0,0.0,,68,10238,0.0
452,2024-01-19 21:00:00,80,80,110,49,0.0,0.0,,67,10239,0.0
453,2024-01-19 22:00:00,70,60,100,31,0.0,0.0,,85,10243,0.0
454,2024-01-19 23:00:00,70,70,100,23,0.0,0.0,,86,10250,0.0
455,2024-01-20 00:00:00,70,70,90,17,0.0,0.0,,87,10253,0.0
456,2024-01-20 01:00:00,70,60,100,12,0.0,0.0,,87,10255,0.0
457,2024-01-20 02:00:00,70,60,90,12,0.0,0.0,,87,10257,0.0
458,2024-01-20 03:00:00,70,60,110,10,0.0,0.0,,88,10259,0.0
459,2024-01-20 04:00:00,70,80,100,5,0.0,0.0,,89,10260,0.0
460,2024-01-20 05:00:00,80,80,100,3,0.0,0.0,,89,10262,0.0
461,2024-01-20 06:00:00,80,80,100,0,0.0,0.0,,88,10267,0.0
462,2024-01-20 07:00:00,80,80,120,-1,0.0,0.0,,89,10269,0.0
463,2024-01-20 08:00:00,80,90,110,-1,20000.0,0.0,,89,10272,0.0022666564321664525
464,2024-01-20 09:00:00,90,80,120,0,170000.0,0.5,,89,10276,0.053617682426934016
465,2024-01-20 10:00:00,90,100,130,15,540000.0,0.5,,81,10277,0.11847109569209024
466,2024-01-20 11:00:00,90,100,130,17,660000.0,0.7000000000000001,,77,10277,0.11782779944086609
467,2024-01-20 12:00:00,100,100,130,18,770000.0,0.5,,75,10275,0.11694045466063051
468,2024-01-20 13:00:00,90,90,120,13,980000.0,1.0,,73,10269,0.12542827091250033
469,2024-01-20 14:00:00,90,90,120,16,720000.0,1.0,,68,10264,0.0701639192322515
470,2024-01-20 15:00:00,90,90,140,13,330000.0,1.0,,65,10265,0.009722980960405797
471,2024-01-20 16:00:00,90,90,130,10,120000.0,0.5,,65,10263,0.013599938592998715
472,2024-01-20 17:00:00,90,100,130,11,0.0,0.0,,66,10261,0.0
473,2024-01-20 18:00:00,100,90,130,9,0.0,0.0,,66,10256,0.0
474,2024-01-20 19:00:00,90,80,130,9,0.0,0.0,,63,10254,0.0
475,2024-01-20 20:00:00,90,90,120,10,0.0,0.0,,60,10248,0.0
476,2024-01-20 21:00:00,90,80,130,12,0.0,0.0,,61,10242,0.0
477,2024-01-20 22:00:00,80,90,110,10,0.0,0.0,,62,10231,0.0
478,2024-01-20 23:00:00,90,90,110,8,0.0,0.0,,62,10224,0.0
479,2024-01-21 00:00:00,90,100,120,11,0.0,0.0,,59,10218,0.0
480,2024-01-21 01:00:00,100,110,140,15,0.0,0.0,,56,10204,0.0
481,2024-01-21 02:00:00,110,120,170,15,0.0,0.0,,58,10193,0.0
482,2024-01-21 03:00:00,120,130,170,14,0.0,0.0,,60,10182,0.0
483,2024-01-21 04:00:00,130,130,170,18,0.0,0.0,,57,10175,0.0
484,2024-01-21 05:00:00,120,120,170,20,0.0,0.0,,59,10168,0.0
485,2024-01-21 06:00:00,130,140,180,21,0.0,0.0,,59,10168,0.0
486,2024-01-21 07:00:00,140,140,200,20,0.0,0.0,,62,10165,0.0
487,2024-01-21 08:00:00,120,120,180,24,10000.0,0.0,,69,10168,0.0011333282160832263
488,2024-01-21 09:00:00,110,110,160,30,70000.0,0.0,,76,10174,0.021812579620626518
489,2024-01-21 10:00:00,110,110,160,39,120000.0,0.0,,82,10171,0.026166716016885933
490,2024-01-21 11:00:00,110,110,150,42,210000.0,0.0,,82,10170,0.03734121948725788
491,2024-01-21 12:00:00,100,110,170,54,280000.0,0.0,,81,10168,0.04240440315199982
492,2024-01-21 13:00:00,110,110,150,55,220000.0,0.0,,83,10168,0.028113654817892367
493,2024-01-21 14:00:00,120,130,180,56,210000.0,0.0,,84,10161,0.020509451624279758
494,2024-01-21 15:00:00,130,130,170,55,160000.0,0.0,,85,10162,0.005079679499609275
495,2024-01-21 16:00:00,140,130,200,54,60000.0,0.0,,86,10151,0.0067999692964993575
496,2024-01-21 17:00:00,130,130,180,55,0.0,0.0,,87,10145,0.0
497,2024-01-21 18:00:00,130,140,180,58,0.0,0.0,,86,10138,0.0
498,2024-01-21 19:00:00,150,150,210,60,0.0,0.0,,86,10128,0.0
499,2024-01-21 20:00:00,160,170,210,65,0.0,0.0,,84,10117,0.0
500,2024-01-21 21:00:00,160,160,220,70,0.0,0.0,,88,10098,0.0
501,2024-01-21 22:00:00,170,170,220,78,0.0,0.0,,88,10072,0.0
502,2024-01-21 23:00:00,170,170,240,89,0.0,0.0,,82,10060,0.0
503,2024-01-22 00:00:00,160,150,230,95,0.0,0.0,,81,10052,0.0
504,2024-01-22 01:00:00,170,170,240,98,0.0,0.0,,83,10038,0.0
505,2024-01-22 02:00:00,170,170,240,100,0.0,0.0,,86,10022,0.0
506,2024-01-22 03:00:00,170,180,240,100,0.0,0.0,,89,10013,0.0
507,2024-01-22 04:00:00,160,140,230,101,0.0,0.0,,94,10010,0.0
508,2024-01-22 05:00:00,140,150,200,105,0.0,0.0,,93,10013,0.0
509,2024-01-22 06:00:00,160,160,240,103,0.0,0.0,,85,10018,0.0
510,2024-01-22 07:00:00,140,140,210,99,0.0,0.0,,87,10023,0.0
511,2024-01-22 08:00:00,140,130,210,94,0.0,0.0,,89,10032,0.0
512,2024-01-22 09:00:00,120,110,180,87,30000.0,0.0,,89,10046,0.009234197074996333
513,2024-01-22 10:00:00,110,110,170,96,270000.0,0.2,,80,10055,0.05850940727751361
514,2024-01-22 11:00:00,110,110,170,100,810000.0,1.0,,75,10067,0.14344328762300176
515,2024-01-22 12:00:00,120,120,170,98,980000.0,1.0,,75,10072,0.1479880906708181
516,2024-01-22 13:00:00,100,80,160,90,940000.0,1.0,,79,10081,0.11992724333988679
517,2024-01-22 14:00:00,90,90,130,87,680000.0,1.0,,80,10082,0.06654747130440113
518,2024-01-22 15:00:00,90,90,140,84,450000.0,1.0,,82,10088,0.015264465682207759
519,2024-01-22 16:00:00,90,90,140,78,170000.0,0.5,,83,10097,0.019266579673414844
520,2024-01-22 17:00:00,90,90,140,78,0.0,0.0,,84,10105,0.0
521,2024-01-22 18:00:00,110,100,160,80,0.0,0.0,,81,10114,0.0
522,2024-01-22 19:00:00,100,110,160,77,0.0,0.0,,84,10124,0.0
523,2024-01-22 20:00:00,100,100,170,80,0.0,0.0,,83,10131,0.0
524,2024-01-22 21:00:00,120,130,190,86,0.0,0.0,,74,10132,0.0
525,2024-01-22 22:00:00,140,140,190,79,0.0,0.0,,70,10140,0.0
526,2024-01-22 23:00:00,120,120,180,83,0.0,0.0,,74,10150,0.0
527,2024-01-23 00:00:00,140,150,200,78,0.0,0.0,,76,10161,0.0
528,2024-01-23 01:00:00,140,130,190,77,0.0,0.0,,75,10174,0.0
529,2024-01-23 02:00:00,120,120,170,76,0.0,0.0,,75,10185,0.0
530,2024-01-23 03:00:00,130,120,170,73,0.0,0.0,,75,10195,0.0
531,2024-01-23 04:00:00,120,120,160,74,0.0,0.0,,74,10208,0.0
532,2024-01-23 05:00:00,110,110,150,73,0.0,0.0,,76,10218,0.0
533,2024-01-23 06:00:00,110,100,160,70,0.0,0.0,,78,10228,0.0
534,2024-01-23 07:00:00,100,90,150,66,0.0,0.0,,80,10231,0.0
535,2024-01-23 08:00:00,70,70,110,66,10000.0,0.0,,78,10241,0.0011333282160832263
536,2024-01-23 09:00:00,70,60,120,64,210000.0,0.8,,83,10248,0.06384075134083378
537,2024-01-23 10:00:00,80,80,120,75,570000.0,1.0,,79,10247,0.12273849384168799
538,2024-01-23 11:00:00,80,80,120,77,640000.0,0.30000000000000004,,81,10243,0.11286650869180936
539,2024-01-23 12:00:00,80,70,120,83,740000.0,0.6000000000000001,,78,10229,0.11141699381199131
540,2024-01-23 13:00:00,90,100,130,83,320000.0,0.0,,82,10222,0.040757480457885506
541,2024-01-23 14:00:00,100,110,130,83,190000.0,0.0,,87,10207,0.018629485868799138
542,2024-01-23 15:00:00,110,120,150,78,100000.0,0.0,,92,10190,0.0035987971398258674
543,2024-01-23 16:00:00,120,120,170,79,30000.0,0.0,,91,10175,0.0033999846482496788
544,2024-01-23 17:00:00,130,130,170,80,0.0,0.0,,94,10167,0.0
545,2024-01-23 18:00:00,130,130,180,89,0.0,0.0,,94,10155,0.0
546,2024-01-23 19:00:00,140,150,220,100,0.0,0.0,,95,10149,0.0
547,2024-01-23 20:00:00,150,160,230,110,0.0,0.0,,93,10139,0.0
548,2024-01-23 21:00:00,150,150,220,103,0.0,0.0,,91,10133,0.0
549,2024-01-23 22:00:00,160,160,240,106,0.0,0.0,,91,10129,0.0
550,2024-01-23 23:00:00,160,180,240,107,0.0,0.0,,89,10119,0.0
551,2024-01-24 00:00:00,170,160,250,109,0.0,0.0,,89,10120,0.0
552,2024-01-24 01:00:00,160,160,240,109,0.0,0.0,,91,10121,0.0
553,2024-01-24 02:00:00,170,170,250,107,0.0,0.0,,92,10122,0.0
554,2024-01-24 03:00:00,150,150,240,100,0.0,0.0,,93,10128,0.0
555,2024-01-24 04:00:00,140,140,210,97,0.0,0.0,,88,10131,0.0
556,2024-01-24 05:00:00,140,130,220,97,0.0,0.0,,81,10138,0.0
557,2024-01-24 06:00:00,140,150,210,100,0.0,0.0,,74,10146,0.0
558,2024-01-24 07:00:00,150,150,220,100,0.0,0.0,,69,10159,0.0
559,2024-01-24 08:00:00,150,150,200,98,10000.0,0.0,,71,10173,0.0011333282160832263
560,2024-01-24 09:00:00,140,140,210,100,130000.0,0.0,,70,10184,0.0390271694092351
561,2024-01-24 10:00:00,150,150,200,101,390000.0,0.2,,72,10196,0.08343914253310987
562,2024-01-24 11:00:00,140,150,210,100,570000.0,0.30000000000000004,,71,10208,0.10009605167090722
563,2024-01-24 12:00:00,140,130,200,99,680000.0,0.5,,73,10218,0.10207542765425173
564,2024-01-24 13:00:00,130,120,180,96,540000.0,0.2,,74,10227,0.06865817909804667
565,2024-01-24 14:00:00,120,110,170,94,370000.0,0.0,,75,10234,0.036342318162686855
566,2024-01-24 15:00:00,110,120,150,94,250000.0,0.0,,74,10243,0.009488485601675577
567,2024-01-24 16:00:00,110,100,150,94,70000.0,0.0,,73,10251,0.007933297512582585
568,2024-01-24 17:00:00,100,90,150,95,0.0,0.0,,71,10255,0.0
569,2024-01-24 18:00:00,110,90,140,96,0.0,0.0,,71,10261,0.0
570,2024-01-24 19:00:00,90,90,130,93,0.0,0.0,,73,10265,0.0
571,2024-01-24 20:00:00,80,80,120,92,0.0,0.0,,74,10270,0.0
572,2024-01-24 21:00:00,80,80,120,90,0.0,0.0,,76,10272,0.0
573,2024-01-24 22:00:00,90,100,130,85,0.0,0.0,,80,10276,0.0
574,2024-01-24 23:00:00,80,80,120,78,0.0,0.0,,83,10278,0.0
575,2024-01-25 00:00:00,80,70,100,72,0.0,0.0,,86,10283,0.0
576,2024-01-25 01:00:00,70,70,90,69,0.0,0.0,,87,10283,0.0
577,2024-01-25 02:00:00,60,60,80,65,0.0,0.0,,90,10289,0.0
578,2024-01-25 03:00:00,50,60,70,62,0.0,0.0,,91,10289,0.0
579,2024-01-25 04:00:00,50,50,70,62,0.0,0.0,,90,10289,0.0
580,2024-01-25 05:00:00,40,40,60,57,0.0,0.0,,90,10289,0.0
581,2024-01-25 06:00:00,30,30,50,51,0.0,0.0,,93,10292,0.0
582,2024-01-25 07:00:00,40,50,60,52,0.0,0.0,,93,10292,0.0
583,2024-01-25 08:00:00,40,30,60,50,10000.0,0.0,,95,10292,0.0011333282160832263
584,2024-01-25 09:00:00,30,30,50,57,150000.0,0.0,,92,10291,0.04446474423310531
585,2024-01-25 10:00:00,50,50,70,64,280000.0,0.0,,92,10287,0.059514517433553925
586,2024-01-25 11:00:00,50,60,70,72,270000.0,0.0,,88,10285,0.047209888463710076
587,2024-01-25 12:00:00,60,40,80,82,370000.0,0.0,,82,10276,0.055371001205570876
588,2024-01-25 13:00:00,60,50,90,80,430000.0,0.0,,92,10264,0.054573743604156885
589,2024-01-25 14:00:00,50,60,70,83,310000.0,0.0,,91,10256,0.030498432573161788
590,2024-01-25 15:00:00,60,70,90,84,100000.0,0.0,,94,10251,0.003982391611280607
591,2024-01-25 16:00:00,60,50,90,87,30000.0,0.0,,95,10248,0.0033999846482496788
592,2024-01-25 17:00:00,50,60,90,94,0.0,0.0,,96,10243,0.0
593,2024-01-25 18:00:00,70,90,110,94,0.0,0.0,,97,10242,0.0
594,2024-01-25 19:00:00,80,80,130,95,0.0,0.0,,97,10238,0.0
595,2024-01-25 20:00:00,80,80,130,95,0.0,0.0,,97,10236,0.0
596,2024-01-25 21:00:00,80,80,140,93,0.0,0.0,,96,10233,0.0
597,2024-01-25 22:00:00,80,70,120,91,0.0,0.0,,95,10227,0.0
598,2024-01-25 23:00:00,80,90,130,93,0.0,0.0,,92,10223,0.0
599,2024-01-26 00:00:00,90,100,130,98,0.0,0.0,,92,10216,0.0
600,2024-01-26 01:00:00,90,100,140,103,0.0,0.0,,92,10210,0.0
601,2024-01-26 02:00:00,80,90,120,106,0.0,0.0,,90,10203,0.0
602,2024-01-26 03:00:00,90,100,130,107,0.0,0.0,,91,10193,0.0
603,2024-01-26 04:00:00,100,100,140,108,0.0,0.0,,92,10185,0.0
604,2024-01-26 05:00:00,110,100,150,105,0.0,0.0,,95,10177,0.0
605,2024-01-26 06:00:00,110,100,160,104,0.0,0.0,,96,10174,0.0
606,2024-01-26 07:00:00,120,140,190,107,0.0,0.0,,94,10176,0.0
607,2024-01-26 08:00:00,130,120,190,97,0.0,0.0,,95,10183,0.0
608,2024-01-26 09:00:00,140,120,230,88,120000.0,0.0,,88,10199,0.03512153045562693
609,2024-01-26 10:00:00,130,120,180,84,470000.0,0.5,,76,10223,0.09924020714579661
610,2024-01-26 11:00:00,130,130,200,84,940000.0,1.0,,72,10243,0.16364295128244816
611,2024-01-26 12:00:00,130,130,190,81,1080000.0,1.0,,69,10258,0.16112045991447096
612,2024-01-26 13:00:00,140,130,200,80,1080000.0,1.0,,68,10272,0.13681481805265253
613,2024-01-26 14:00:00,120,110,160,79,900000.0,1.0,,67,10283,0.08867614746564124
614,2024-01-26 15:00:00,110,100,150,76,590000.0,1.0,,70,10295,0.02454557918802583
615,2024-01-26 16:00:00,90,80,120,71,220000.0,0.7000000000000001,,75,10307,0.02493322075383098
616,2024-01-26 17:00:00,80,80,110,67,10000.0,0.0,,79,10313,0.0011333282160832263
617,2024-01-26 18:00:00,70,80,90,66,0.0,0.0,,79,10320,0.0
618,2024-01-26 19:00:00,70,70,90,66,0.0,0.0,,76,10327,0.0
619,2024-01-26 20:00:00,60,70,100,63,0.0,0.0,,78,10333,0.0
620,2024-01-26 21:00:00,60,60,90,59,0.0,0.0,,80,10335,0.0
621,2024-01-26 22:00:00,60,60,80,63,0.0,0.0,,76,10336,0.0
622,2024-01-26 23:00:00,50,40,70,61,0.0,0.0,,78,10340,0.0
623,2024-01-27 00:00:00,40,40,70,52,0.0,0.0,,86,10343,0.0
624,2024-01-27 01:00:00,40,40,60,49,0.0,0.0,,88,10344,0.0
625,2024-01-27 02:00:00,40,50,60,48,0.0,0.0,,90,10345,0.0
626,2024-01-27 03:00:00,50,40,70,43,0.0,0.0,,92,10346,0.0
627,2024-01-27 04:00:00,50,40,70,44,0.0,0.0,,93,10346,0.0
628,2024-01-27 05:00:00,50,60,70,40,0.0,0.0,,94,10345,0.0
629,2024-01-27 06:00:00,50,40,80,39,0.0,0.0,,95,10345,0.0
630,2024-01-27 07:00:00,50,50,70,38,0.0,0.0,,94,10348,0.0
631,2024-01-27 08:00:00,40,40,60,35,20000.0,0.0,,95,10348,0.0022666564321664525
632,2024-01-27 09:00:00,50,40,60,46,260000.0,0.8,,93,10352,0.07512946666741191
633,2024-01-27 10:00:00,50,50,60,59,580000.0,1.0,,87,10356,0.12165015729094832
634,2024-01-27 11:00:00,50,50,80,68,950000.0,1.0,,83,10357,0.164652862889686
635,2024-01-27 12:00:00,50,50,80,74,1060000.0,1.0,,79,10353,0.15763733687805537
636,2024-01-27 13:00:00,50,40,70,75,880000.0,0.9,,73,10349,0.11126668027988963
637,2024-01-27 14:00:00,40,40,60,70,470000.0,0.0,,76,10349,0.04637206597289011
638,2024-01-27 15:00:00,40,30,50,74,520000.0,0.8,,75,10345,0.022513303238073587
639,2024-01-27 16:00:00,40,50,50,60,220000.0,0.7000000000000001,,81,10344,0.02493322075383098
640,2024-01-27 17:00:00,40,40,60,57,0.0,0.0,,85,10346,0.0
641,2024-01-27 18:00:00,50,40,60,51,0.0,0.0,,87,10342,0.0
642,2024-01-27 19:00:00,50,50,60,47,0.0,0.0,,87,10343,0.0
643,2024-01-27 20:00:00,50,50,60,45,0.0,0.0,,83,10340,0.0
644,2024-01-27 21:00:00,50,50,70,45,0.0,0.0,,81,10337,0.0
645,2024-01-27 22:00:00,40,50,60,44,0.0,0.0,,78,10332,0.0
646,2024-01-27 23:00:00,50,40,60,42,0.0,0.0,,77,10326,0.0
647,2024-01-28 00:00:00,50,50,60,37,0.0,0.0,,79,10322,0.0
648,2024-01-28 01:00:00,50,50,60,30,0.0,0.0,,81,10314,0.0
649,2024-01-28 02:00:00,50,50,70,35,0.0,0.0,,78,10308,0.0
650,2024-01-28 03:00:00,50,50,60,33,0.0,0.0,,76,10303,0.0
651,2024-01-28 04:00:00,50,50,60,28,0.0,0.0,,75,10299,0.0
652,2024-01-28 05:00:00,60,60,80,22,0.0,0.0,,77,10293,0.0
653,2024-01-28 06:00:00,60,60,80,36,0.0,0.0,,69,10288,0.0
654,2024-01-28 07:00:00,70,70,90,35,0.0,0.0,,67,10286,0.0
655,2024-01-28 08:00:00,70,60,90,36,30000.0,0.0,,70,10280,0.021821185313139282
656,2024-01-28 09:00:00,60,60,80,52,300000.0,0.8,,64,10277,0.0855834462380581
657,2024-01-28 10:00:00,70,70,80,65,660000.0,1.0,,59,10274,0.1374984987103603
658,2024-01-28 11:00:00,70,70,80,77,940000.0,1.0,,55,10270,0.16219166188910084
659,2024-01-28 12:00:00,60,70,80,77,760000.0,0.8,,54,10260,0.1126613889459241
660,2024-01-28 13:00:00,60,60,90,83,960000.0,1.0,,56,10253,0.12114551992656668
661,2024-01-28 14:00:00,70,80,90,83,610000.0,0.5,,57,10243,0.060260219104040655
662,2024-01-28 15:00:00,70,70,90,89,420000.0,0.8,,56,10241,0.018859982226537602
663,2024-01-28 16:00:00,70,60,90,84,180000.0,0.7000000000000001,,58,10241,0.020399907889498074
664,2024-01-28 17:00:00,70,70,90,82,10000.0,0.0,,61,10236,0.0011333282160832263
665,2024-01-28 18:00:00,70,70,90,87,0.0,0.0,,59,10234,0.0
666,2024-01-28 19:00:00,60,70,80,82,0.0,0.0,,64,10236,0.0
667,2024-01-28 20:00:00,70,70,90,81,0.0,0.0,,66,10235,0.0
668,2024-01-28 21:00:00,80,80,100,76,0.0,0.0,,68,10233,0.0
669,2024-01-28 22:00:00,70,80,90,75,0.0,0.0,,69,10234,0.0
670,2024-01-28 23:00:00,70,70,80,69,0.0,0.0,,73,10233,0.0
671,2024-01-29 00:00:00,70,80,110,71,0.0,0.0,,74,10236,0.0
672,2024-01-29 01:00:00,70,70,90,68,0.0,0.0,,76,10238,0.0
673,2024-01-29 02:00:00,70,70,90,64,0.0,0.0,,79,10240,0.0
674,2024-01-29 03:00:00,70,70,100,62,0.0,0.0,,81,10240,0.0
675,2024-01-29 04:00:00,50,60,90,58,0.0,0.0,,83,10242,0.0
676,2024-01-29 05:00:00,60,50,70,56,0.0,0.0,,84,10244,0.0
677,2024-01-29 06:00:00,50,50,70,55,0.0,0.0,,85,10245,0.0
678,2024-01-29 07:00:00,50,50,70,58,0.0,0.0,,86,10247,0.0
679,2024-01-29 08:00:00,60,60,80,57,10000.0,0.0,,87,10251,0.006894653786043914
680,2024-01-29 09:00:00,60,60,80,61,150000.0,0.0,,86,10252,0.04224615037993537
681,2024-01-29 10:00:00,60,70,80,76,550000.0,0.7000000000000001,,81,10257,0.11380591159487737
682,2024-01-29 11:00:00,70,60,90,92,870000.0,1.0,,77,10258,0.1494363772451328
683,2024-01-29 12:00:00,60,60,80,101,970000.0,1.0,,75,10256,0.14332615388620915
684,2024-01-29 13:00:00,50,40,70,98,640000.0,0.2,,77,10254,0.08060312873993791
685,2024-01-29 14:00:00,50,50,60,99,680000.0,0.7000000000000001,,77,10254,0.06725154087949278
686,2024-01-29 15:00:00,50,50,60,100,630000.0,1.0,,78,10258,0.029255049045294308
687,2024-01-29 16:00:00,50,50,60,91,190000.0,0.8,,82,10257,0.0215332361055813
688,2024-01-29 17:00:00,50,40,70,89,10000.0,0.0,,85,10261,0.0011333282160832263
689,2024-01-29 18:00:00,50,50,50,92,0.0,0.0,,85,10258,0.0
690,2024-01-29 19:00:00,50,60,60,96,0.0,0.0,,86,10257,0.0
691,2024-01-29 20:00:00,70,70,90,96,0.0,0.0,,86,10256,0.0
692,2024-01-29 21:00:00,70,70,100,98,0.0,0.0,,85,10253,0.0
693,2024-01-29 22:00:00,70,70,100,97,0.0,0.0,,84,10250,0.0
694,2024-01-29 23:00:00,70,70,90,97,0.0,0.0,,83,10249,0.0
695,2024-01-30 00:00:00,80,80,90,96,0.0,0.0,,83,10247,0.0
696,2024-01-30 01:00:00,70,70,100,100,0.0,0.0,,82,10246,0.0
697,2024-01-30 02:00:00,70,60,90,99,0.0,0.0,,82,10243,0.0
698,2024-01-30 03:00:00,60,60,80,98,0.0,0.0,,83,10240,0.0
699,2024-01-30 04:00:00,60,70,90,104,0.0,0.0,,81,10238,0.0
700,2024-01-30 05:00:00,70,70,100,104,0.0,0.0,,81,10235,0.0
701,2024-01-30 06:00:00,70,70,90,109,0.0,0.0,,81,10236,0.0
702,2024-01-30 07:00:00,80,80,110,107,0.0,0.0,,82,10237,0.0
703,2024-01-30 08:00:00,80,70,110,103,0.0,0.0,,84,10245,0.0
704,2024-01-30 09:00:00,90,110,150,95,50000.0,0.0,,86,10250,0.013902645788994568
705,2024-01-30 10:00:00,110,100,170,87,240000.0,0.0,,87,10258,0.04932241958065897
706,2024-01-30 11:00:00,110,110,160,81,240000.0,0.0,,89,10260,0.04103634780904073
707,2024-01-30 12:00:00,100,90,160,83,370000.0,0.0,,85,10264,0.05449208247132919
708,2024-01-30 13:00:00,80,80,130,76,300000.0,0.0,,95,10269,0.03770618573689619
709,2024-01-30 14:00:00,90,90,140,75,160000.0,0.0,,97,10274,0.01584010505642116
710,2024-01-30 15:00:00,80,80,130,75,80000.0,0.0,,96,10283,0.0038315525775913196
711,2024-01-30 16:00:00,90,80,120,70,60000.0,0.0,,98,10294,0.0067999692964993575
712,2024-01-30 17:00:00,70,60,90,68,10000.0,0.0,,97,10301,0.0011333282160832263
713,2024-01-30 18:00:00,60,60,90,68,0.0,0.0,,95,10312,0.0
714,2024-01-30 19:00:00,60,60,80,68,0.0,0.0,,92,10319,0.0
715,2024-01-30 20:00:00,60,50,80,66,0.0,0.0,,88,10326,0.0
716,2024-01-30 21:00:00,50,50,80,64,0.0,0.0,,86,10333,0.0
717,2024-01-30 22:00:00,60,50,90,60,0.0,0.0,,94,10338,0.0
718,2024-01-30 23:00:00,50,60,70,58,0.0,0.0,,94,10338,0.0
719,2024-01-31 00:00:00,40,30,60,60,0.0,0.0,,93,10346,0.0
720,2024-01-31 01:00:00,20,20,50,64,0.0,0.0,,82,10346,0.0
721,2024-01-31 02:00:00,40,20,60,63,0.0,0.0,,82,10344,0.0
722,2024-01-31 03:00:00,10,10,30,57,0.0,0.0,,87,10338,0.0
723,2024-01-31 04:00:00,30,30,50,60,0.0,0.0,,84,10337,0.0
724,2024-01-31 05:00:00,30,30,40,61,0.0,0.0,,86,10336,0.0
725,2024-01-31 06:00:00,40,40,60,63,0.0,0.0,,81,10330,0.0
726,2024-01-31 07:00:00,40,40,60,62,0.0,0.0,,84,10337,0.0
727,2024-01-31 08:00:00,40,50,70,66,10000.0,0.0,,80,10336,0.006235457767451711
728,2024-01-31 09:00:00,50,50,80,67,90000.0,0.0,,84,10328,0.02470663133694678
729,2024-01-31 10:00:00,60,50,80,66,150000.0,0.0,,89,10330,0.030615559471844286
730,2024-01-31 11:00:00,60,70,90,73,250000.0,0.0,,76,10320,0.042550461865268
731,2024-01-31 12:00:00,80,70,120,76,490000.0,0.2,,68,10310,0.07192721857567247
732,2024-01-31 13:00:00,80,80,120,79,600000.0,0.30000000000000004,,68,10301,0.07525702911817035
733,2024-01-31 14:00:00,90,90,120,76,290000.0,0.0,,69,10292,0.02873658706228764
734,2024-01-31 15:00:00,90,100,160,74,360000.0,0.5,,72,10289,0.017741514319413836
735,2024-01-31 16:00:00,100,100,150,73,120000.0,0.5,,73,10277,0.013599938592998715
736,2024-01-31 17:00:00,110,110,170,75,10000.0,0.0,,73,10274,0.0011333282160832263
737,2024-01-31 18:00:00,110,110,160,73,0.0,0.0,,75,10267,0.0
738,2024-01-31 19:00:00,110,100,150,70,0.0,0.0,,76,10256,0.0
739,2024-01-31 20:00:00,110,110,160,68,0.0,0.0,,78,10251,0.0
740,2024-01-31 21:00:00,110,120,170,78,0.0,0.0,,80,10248,0.0
741,2024-01-31 22:00:00,120,120,170,78,0.0,0.0,,85,10240,0.0
742,2024-01-31 23:00:00,110,100,170,79,0.0,0.0,,94,10240,0.0
743,2024-02-01 00:00:00,110,110,170,90,0.0,0.0,,95,10242,0.0
