datetime,Unnamed: 0,STN,YYYYMMDD,HH,DD,FH,FF,FX,T,T10N,TD,Q,SQ,VV,N,U,P,temperature_C,irradiance,sunshine_hours
2024-01-01 01:00:00,0.0,330.0,20240101.0,1.0,210.0,120.0,120.0,180.0,75.0,,61.0,0.0,0.0,,,91.0,9951.0,7.5,0.0,0.0
2024-01-01 02:00:00,1.0,330.0,20240101.0,2.0,210.0,90.0,100.0,150.0,74.0,,62.0,0.0,0.0,,,91.0,9958.0,7.4,0.0,0.0
2024-01-01 03:00:00,2.0,330.0,20240101.0,3.0,240.0,100.0,110.0,160.0,92.0,,59.0,0.0,0.0,,,79.0,9959.0,9.2,0.0,0.0
2024-01-01 04:00:00,3.0,330.0,20240101.0,4.0,240.0,110.0,110.0,190.0,91.0,,59.0,0.0,0.0,,,80.0,9966.0,9.1,0.0,0.0
2024-01-01 05:00:00,4.0,330.0,20240101.0,5.0,240.0,100.0,100.0,150.0,95.0,,54.0,0.0,0.0,,,76.0,9973.0,9.5,0.0,0.0
2024-01-01 06:00:00,5.0,330.0,20240101.0,6.0,250.0,120.0,120.0,170.0,92.0,71.0,48.0,0.0,0.0,,,73.0,9978.0,9.2,0.0,0.0
2024-01-01 07:00:00,6.0,330.0,20240101.0,7.0,260.0,130.0,120.0,180.0,91.0,71.33333333333333,48.0,0.0,0.0,,,74.0,9989.0,9.1,0.0,0.0
2024-01-01 08:00:00,7.0,330.0,20240101.0,8.0,260.0,130.0,130.0,180.0,92.0,71.66666666666667,46.0,0.0,0.0,,,73.0,10001.0,9.2,0.0,0.0
2024-01-01 09:00:00,8.0,330.0,20240101.0,9.0,260.0,130.0,140.0,190.0,90.0,72.0,48.0,3.0,0.0,,,74.0,10012.0,9.0,8.333333333333334,0.0
2024-01-01 10:00:00,9.0,330.0,20240101.0,10.0,260.0,130.0,110.0,190.0,93.0,72.33333333333333,49.0,19.0,0.0,,,74.0,10022.0,9.3,52.77777777777778,0.0
2024-01-01 11:00:00,10.0,330.0,20240101.0,11.0,260.0,120.0,120.0,170.0,93.0,72.66666666666667,47.0,48.0,7.0,,,73.0,10026.0,9.3,133.33333333333334,0.7000000000000001
2024-01-01 12:00:00,11.0,330.0,20240101.0,12.0,260.0,120.0,120.0,190.0,89.0,73.0,46.0,27.0,0.0,,,74.0,10032.0,8.9,75.0,0.0
2024-01-01 13:00:00,12.0,330.0,20240101.0,13.0,260.0,120.0,120.0,160.0,90.0,72.83333333333333,41.0,51.0,3.0,,,71.0,10035.0,9.0,141.66666666666666,0.3
2024-01-01 14:00:00,13.0,330.0,20240101.0,14.0,250.0,110.0,110.0,160.0,91.0,72.66666666666667,39.0,33.0,3.0,,,70.0,10040.0,9.1,91.66666666666669,0.3
2024-01-01 15:00:00,14.0,330.0,20240101.0,15.0,250.0,100.0,80.0,160.0,86.0,72.5,39.0,14.0,3.0,,,72.0,10044.0,8.6,38.888888888888886,0.3
2024-01-01 16:00:00,15.0,330.0,20240101.0,16.0,250.0,80.0,80.0,120.0,86.0,72.33333333333333,33.0,2.0,0.0,,,69.0,10047.0,8.6,5.555555555555555,0.0
2024-01-01 17:00:00,16.0,330.0,20240101.0,17.0,240.0,70.0,70.0,110.0,83.0,72.16666666666667,34.0,0.0,0.0,,,71.0,10047.0,8.3,0.0,0.0
2024-01-01 18:00:00,17.0,330.0,20240101.0,18.0,210.0,60.0,80.0,110.0,77.0,72.0,53.0,0.0,0.0,,,84.0,10045.0,7.7,0.0,0.0
2024-01-01 19:00:00,18.0,330.0,20240101.0,19.0,200.0,80.0,80.0,110.0,78.0,71.5,43.0,0.0,0.0,,,78.0,10041.0,7.8,0.0,0.0
2024-01-01 20:00:00,19.0,330.0,20240101.0,20.0,190.0,80.0,80.0,130.0,77.0,71.0,41.0,0.0,0.0,,,78.0,10032.0,7.7,0.0,0.0
2024-01-01 21:00:00,20.0,330.0,20240101.0,21.0,180.0,70.0,80.0,110.0,72.0,70.5,47.0,0.0,0.0,,,84.0,10023.0,7.2,0.0,0.0
2024-01-01 22:00:00,21.0,330.0,20240101.0,22.0,170.0,90.0,100.0,130.0,72.0,70.0,59.0,0.0,0.0,,,91.0,10007.0,7.2,0.0,0.0
2024-01-01 23:00:00,22.0,330.0,20240101.0,23.0,160.0,110.0,120.0,140.0,73.0,69.5,63.0,0.0,0.0,,,93.0,9988.0,7.3,0.0,0.0
2024-01-02 00:00:00,23.0,330.0,20240101.0,24.0,160.0,110.0,120.0,150.0,76.0,69.0,68.0,0.0,0.0,,,94.0,9967.0,7.6,0.0,0.0
2024-01-02 01:00:00,24.0,330.0,20240102.0,1.0,160.0,130.0,130.0,180.0,79.0,69.83333333333333,70.0,0.0,0.0,,,94.0,9943.0,7.9,0.0,0.0
2024-01-02 02:00:00,25.0,330.0,20240102.0,2.0,170.0,130.0,130.0,170.0,81.0,70.66666666666667,74.0,0.0,0.0,,,94.0,9919.0,8.1,0.0,0.0
2024-01-02 03:00:00,26.0,330.0,20240102.0,3.0,180.0,120.0,110.0,160.0,85.0,71.5,80.0,0.0,0.0,,,96.0,9902.0,8.5,0.0,0.0
2024-01-02 04:00:00,27.0,330.0,20240102.0,4.0,200.0,110.0,110.0,150.0,97.0,72.33333333333333,91.0,0.0,0.0,,,96.0,9896.0,9.7,0.0,0.0
2024-01-02 05:00:00,28.0,330.0,20240102.0,5.0,240.0,110.0,130.0,180.0,111.0,73.16666666666667,105.0,0.0,0.0,,,96.0,9898.0,11.1,0.0,0.0
2024-01-02 06:00:00,29.0,330.0,20240102.0,6.0,240.0,130.0,120.0,180.0,114.0,74.0,102.0,0.0,0.0,,,92.0,9906.0,11.4,0.0,0.0
2024-01-02 07:00:00,30.0,330.0,20240102.0,7.0,230.0,110.0,110.0,160.0,110.0,79.5,100.0,0.0,0.0,,,93.0,9912.0,11.0,0.0,0.0
2024-01-02 08:00:00,31.0,330.0,20240102.0,8.0,230.0,110.0,90.0,150.0,111.0,85.0,97.0,0.0,0.0,,,91.0,9917.0,11.1,0.0,0.0
2024-01-02 09:00:00,32.0,330.0,20240102.0,9.0,220.0,90.0,90.0,140.0,111.0,90.5,101.0,6.0,0.0,,,93.0,9912.0,11.1,16.666666666666668,0.0
2024-01-02 10:00:00,33.0,330.0,20240102.0,10.0,220.0,90.0,90.0,140.0,117.0,96.0,100.0,17.0,0.0,,,89.0,9910.0,11.7,47.22222222222222,0.0
2024-01-02 11:00:00,34.0,330.0,20240102.0,11.0,200.0,70.0,90.0,130.0,116.0,101.5,107.0,8.0,0.0,,,93.0,9899.0,11.6,22.22222222222222,0.0
2024-01-02 12:00:00,35.0,330.0,20240102.0,12.0,180.0,90.0,80.0,120.0,113.0,107.0,106.0,8.0,0.0,,,95.0,9884.0,11.3,22.22222222222222,0.0
2024-01-02 13:00:00,36.0,330.0,20240102.0,13.0,180.0,90.0,100.0,130.0,109.0,107.16666666666667,104.0,9.0,0.0,,,96.0,9862.0,10.9,25.0,0.0
2024-01-02 14:00:00,37.0,330.0,20240102.0,14.0,190.0,100.0,100.0,140.0,115.0,107.33333333333333,108.0,6.0,0.0,,,95.0,9848.0,11.5,16.666666666666668,0.0
2024-01-02 15:00:00,38.0,330.0,20240102.0,15.0,180.0,100.0,120.0,150.0,115.0,107.5,108.0,2.0,0.0,,,95.0,9826.0,11.5,5.555555555555555,0.0
2024-01-02 16:00:00,39.0,330.0,20240102.0,16.0,190.0,130.0,130.0,170.0,116.0,107.66666666666667,108.0,1.0,0.0,,,94.0,9815.0,11.6,2.7777777777777777,0.0
2024-01-02 17:00:00,40.0,330.0,20240102.0,17.0,220.0,140.0,160.0,240.0,124.0,107.83333333333333,98.0,0.0,0.0,,,84.0,9806.0,12.4,0.0,0.0
2024-01-02 18:00:00,41.0,330.0,20240102.0,18.0,220.0,170.0,170.0,270.0,117.0,108.0,78.0,0.0,0.0,,,77.0,9805.0,11.7,0.0,0.0
2024-01-02 19:00:00,42.0,330.0,20240102.0,19.0,220.0,170.0,180.0,270.0,114.0,105.5,78.0,0.0,0.0,,,78.0,9802.0,11.4,0.0,0.0
2024-01-02 20:00:00,43.0,330.0,20240102.0,20.0,240.0,180.0,180.0,280.0,114.0,103.0,78.0,0.0,0.0,,,78.0,9810.0,11.4,0.0,0.0
2024-01-02 21:00:00,44.0,330.0,20240102.0,21.0,240.0,180.0,150.0,260.0,109.0,100.5,78.0,0.0,0.0,,,80.0,9820.0,10.9,0.0,0.0
2024-01-02 22:00:00,45.0,330.0,20240102.0,22.0,260.0,180.0,210.0,260.0,101.0,98.0,70.0,0.0,0.0,,,80.0,9834.0,10.1,0.0,0.0
2024-01-02 23:00:00,46.0,330.0,20240102.0,23.0,260.0,160.0,160.0,240.0,96.0,95.5,82.0,0.0,0.0,,,90.0,9845.0,9.6,0.0,0.0
2024-01-03 00:00:00,47.0,330.0,20240102.0,24.0,250.0,170.0,170.0,250.0,107.0,93.0,72.0,0.0,0.0,,,78.0,9858.0,10.7,0.0,0.0
2024-01-03 01:00:00,48.0,330.0,20240103.0,1.0,250.0,160.0,150.0,240.0,108.0,93.66666666666667,70.0,0.0,0.0,,,77.0,9867.0,10.8,0.0,0.0
2024-01-03 02:00:00,49.0,330.0,20240103.0,2.0,250.0,150.0,140.0,220.0,106.0,94.33333333333333,68.0,0.0,0.0,,,77.0,9875.0,10.6,0.0,0.0
2024-01-03 03:00:00,50.0,330.0,20240103.0,3.0,240.0,130.0,130.0,200.0,107.0,95.0,70.0,0.0,0.0,,,77.0,9878.0,10.7,0.0,0.0
2024-01-03 04:00:00,51.0,330.0,20240103.0,4.0,240.0,120.0,110.0,170.0,105.0,95.66666666666667,74.0,0.0,0.0,,,81.0,9879.0,10.5,0.0,0.0
2024-01-03 05:00:00,52.0,330.0,20240103.0,5.0,230.0,110.0,100.0,170.0,103.0,96.33333333333333,82.0,0.0,0.0,,,86.0,9881.0,10.3,0.0,0.0
2024-01-03 06:00:00,53.0,330.0,20240103.0,6.0,220.0,120.0,120.0,160.0,99.0,97.0,82.0,0.0,0.0,,,88.0,9882.0,9.9,0.0,0.0
2024-01-03 07:00:00,54.0,330.0,20240103.0,7.0,240.0,110.0,120.0,160.0,100.0,96.66666666666667,78.0,0.0,0.0,,,86.0,9886.0,10.0,0.0,0.0
2024-01-03 08:00:00,55.0,330.0,20240103.0,8.0,240.0,110.0,100.0,170.0,104.0,96.33333333333333,77.0,0.0,0.0,,,83.0,9891.0,10.4,0.0,0.0
2024-01-03 09:00:00,56.0,330.0,20240103.0,9.0,250.0,100.0,100.0,150.0,99.0,96.0,80.0,5.0,0.0,,,87.0,9895.0,9.9,13.88888888888889,0.0
2024-01-03 10:00:00,57.0,330.0,20240103.0,10.0,240.0,100.0,100.0,150.0,104.0,95.66666666666667,76.0,21.0,0.0,,,82.0,9899.0,10.4,58.333333333333336,0.0
2024-01-03 11:00:00,58.0,330.0,20240103.0,11.0,240.0,100.0,100.0,140.0,107.0,95.33333333333333,73.0,36.0,2.0,,,79.0,9902.0,10.7,100.0,0.2
2024-01-03 12:00:00,59.0,330.0,20240103.0,12.0,230.0,90.0,70.0,150.0,105.0,95.0,80.0,38.0,0.0,,,84.0,9899.0,10.5,105.55555555555556,0.0
2024-01-03 13:00:00,60.0,330.0,20240103.0,13.0,230.0,90.0,90.0,130.0,107.0,92.33333333333333,80.0,33.0,0.0,,,83.0,9893.0,10.7,91.66666666666669,0.0
2024-01-03 14:00:00,61.0,330.0,20240103.0,14.0,230.0,80.0,100.0,150.0,96.0,89.66666666666667,77.0,16.0,0.0,,,87.0,9890.0,9.6,44.44444444444444,0.0
2024-01-03 15:00:00,62.0,330.0,20240103.0,15.0,240.0,90.0,90.0,140.0,99.0,87.0,77.0,10.0,2.0,,,86.0,9887.0,9.9,27.77777777777778,0.2
2024-01-03 16:00:00,63.0,330.0,20240103.0,16.0,220.0,90.0,90.0,160.0,92.0,84.33333333333333,74.0,3.0,0.0,,,88.0,9887.0,9.2,8.333333333333334,0.0
2024-01-03 17:00:00,64.0,330.0,20240103.0,17.0,260.0,80.0,70.0,130.0,83.0,81.66666666666667,69.0,0.0,0.0,,,90.0,9889.0,8.3,0.0,0.0
2024-01-03 18:00:00,65.0,330.0,20240103.0,18.0,270.0,70.0,110.0,140.0,95.0,79.0,79.0,0.0,0.0,,,89.0,9895.0,9.5,0.0,0.0
2024-01-03 19:00:00,66.0,330.0,20240103.0,19.0,270.0,90.0,100.0,160.0,92.0,78.33333333333333,74.0,0.0,0.0,,,88.0,9900.0,9.2,0.0,0.0
2024-01-03 20:00:00,67.0,330.0,20240103.0,20.0,270.0,90.0,80.0,160.0,84.0,77.66666666666667,75.0,0.0,0.0,,,94.0,9910.0,8.4,0.0,0.0
2024-01-03 21:00:00,68.0,330.0,20240103.0,21.0,270.0,100.0,110.0,130.0,89.0,77.0,76.0,0.0,0.0,,,91.0,9919.0,8.9,0.0,0.0
2024-01-03 22:00:00,69.0,330.0,20240103.0,22.0,290.0,110.0,120.0,170.0,83.0,76.33333333333333,73.0,0.0,0.0,,,93.0,9930.0,8.3,0.0,0.0
2024-01-03 23:00:00,70.0,330.0,20240103.0,23.0,300.0,100.0,100.0,140.0,85.0,75.66666666666667,71.0,0.0,0.0,,,91.0,9944.0,8.5,0.0,0.0
2024-01-04 00:00:00,71.0,330.0,20240103.0,24.0,280.0,90.0,90.0,120.0,89.0,75.0,74.0,0.0,0.0,,,89.0,9956.0,8.9,0.0,0.0
2024-01-04 01:00:00,72.0,330.0,20240104.0,1.0,280.0,100.0,100.0,130.0,90.0,75.83333333333333,74.0,0.0,0.0,,,89.0,9964.0,9.0,0.0,0.0
2024-01-04 02:00:00,73.0,330.0,20240104.0,2.0,280.0,90.0,90.0,150.0,90.0,76.66666666666667,77.0,0.0,0.0,,,91.0,9974.0,9.0,0.0,0.0
2024-01-04 03:00:00,74.0,330.0,20240104.0,3.0,270.0,90.0,90.0,120.0,89.0,77.5,74.0,0.0,0.0,,,90.0,9982.0,8.9,0.0,0.0
2024-01-04 04:00:00,75.0,330.0,20240104.0,4.0,280.0,90.0,80.0,120.0,89.0,78.33333333333333,74.0,0.0,0.0,,,90.0,9989.0,8.9,0.0,0.0
2024-01-04 05:00:00,76.0,330.0,20240104.0,5.0,280.0,80.0,90.0,120.0,90.0,79.16666666666667,74.0,0.0,0.0,,,89.0,9995.0,9.0,0.0,0.0
2024-01-04 06:00:00,77.0,330.0,20240104.0,6.0,270.0,90.0,80.0,120.0,88.0,80.0,74.0,0.0,0.0,,,90.0,10002.0,8.8,0.0,0.0
2024-01-04 07:00:00,78.0,330.0,20240104.0,7.0,280.0,90.0,110.0,150.0,85.0,79.33333333333333,65.0,0.0,0.0,,,87.0,10010.0,8.5,0.0,0.0
2024-01-04 08:00:00,79.0,330.0,20240104.0,8.0,270.0,70.0,80.0,110.0,88.0,78.66666666666667,74.0,0.0,0.0,,,91.0,10017.0,8.8,0.0,0.0
2024-01-04 09:00:00,80.0,330.0,20240104.0,9.0,270.0,80.0,70.0,110.0,92.0,78.0,77.0,9.0,2.0,,,90.0,10020.0,9.2,25.0,0.2
2024-01-04 10:00:00,81.0,330.0,20240104.0,10.0,270.0,80.0,80.0,110.0,90.0,77.33333333333333,76.0,28.0,3.0,,,91.0,10028.0,9.0,77.77777777777777,0.3
2024-01-04 11:00:00,82.0,330.0,20240104.0,11.0,270.0,70.0,60.0,90.0,93.0,76.66666666666667,75.0,34.0,0.0,,,88.0,10030.0,9.3,94.44444444444444,0.0
2024-01-04 12:00:00,83.0,330.0,20240104.0,12.0,260.0,60.0,80.0,110.0,78.0,76.0,60.0,17.0,0.0,,,88.0,10031.0,7.8,47.22222222222222,0.0
2024-01-04 13:00:00,84.0,330.0,20240104.0,13.0,250.0,60.0,70.0,100.0,89.0,75.33333333333333,67.0,41.0,2.0,,,86.0,10031.0,8.9,113.88888888888889,0.2
2024-01-04 14:00:00,85.0,330.0,20240104.0,14.0,250.0,60.0,50.0,90.0,89.0,74.66666666666667,65.0,27.0,2.0,,,84.0,10030.0,8.9,75.0,0.2
2024-01-04 15:00:00,86.0,330.0,20240104.0,15.0,230.0,50.0,40.0,80.0,85.0,74.0,61.0,20.0,10.0,,,85.0,10031.0,8.5,55.55555555555556,1.0
2024-01-04 16:00:00,87.0,330.0,20240104.0,16.0,210.0,40.0,40.0,70.0,80.0,73.33333333333333,61.0,4.0,0.0,,,87.0,10029.0,8.0,11.11111111111111,0.0
2024-01-04 17:00:00,88.0,330.0,20240104.0,17.0,180.0,40.0,40.0,60.0,80.0,72.66666666666667,58.0,0.0,0.0,,,85.0,10028.0,8.0,0.0,0.0
2024-01-04 18:00:00,89.0,330.0,20240104.0,18.0,180.0,50.0,50.0,60.0,82.0,72.0,59.0,0.0,0.0,,,85.0,10026.0,8.2,0.0,0.0
2024-01-04 19:00:00,90.0,330.0,20240104.0,19.0,150.0,60.0,60.0,90.0,82.0,72.66666666666667,61.0,0.0,0.0,,,86.0,10018.0,8.2,0.0,0.0
2024-01-04 20:00:00,91.0,330.0,20240104.0,20.0,140.0,60.0,60.0,80.0,82.0,73.33333333333333,67.0,0.0,0.0,,,90.0,10011.0,8.2,0.0,0.0
2024-01-04 21:00:00,92.0,330.0,20240104.0,21.0,130.0,80.0,70.0,100.0,77.0,74.0,69.0,0.0,0.0,,,94.0,9999.0,7.7,0.0,0.0
2024-01-04 22:00:00,93.0,330.0,20240104.0,22.0,140.0,80.0,90.0,120.0,79.0,74.66666666666667,70.0,0.0,0.0,,,94.0,9987.0,7.9,0.0,0.0
2024-01-04 23:00:00,94.0,330.0,20240104.0,23.0,140.0,90.0,90.0,120.0,83.0,75.33333333333333,73.0,0.0,0.0,,,93.0,9978.0,8.3,0.0,0.0
2024-01-05 00:00:00,95.0,330.0,20240104.0,24.0,140.0,90.0,80.0,110.0,86.0,76.0,75.0,0.0,0.0,,,92.0,9968.0,8.6,0.0,0.0
2024-01-05 01:00:00,96.0,330.0,20240105.0,1.0,140.0,80.0,80.0,110.0,91.0,75.83333333333333,76.0,0.0,0.0,,,90.0,9959.0,9.1,0.0,0.0
2024-01-05 02:00:00,97.0,330.0,20240105.0,2.0,150.0,80.0,80.0,110.0,94.0,75.66666666666667,74.0,0.0,0.0,,,87.0,9950.0,9.4,0.0,0.0
2024-01-05 03:00:00,98.0,330.0,20240105.0,3.0,160.0,80.0,90.0,110.0,93.0,75.5,71.0,0.0,0.0,,,86.0,9941.0,9.3,0.0,0.0
2024-01-05 04:00:00,99.0,330.0,20240105.0,4.0,170.0,100.0,100.0,140.0,93.0,75.33333333333333,63.0,0.0,0.0,,,81.0,9932.0,9.3,0.0,0.0
2024-01-05 05:00:00,100.0,330.0,20240105.0,5.0,180.0,100.0,100.0,150.0,87.0,75.16666666666667,50.0,0.0,0.0,,,77.0,9926.0,8.7,0.0,0.0
2024-01-05 06:00:00,101.0,330.0,20240105.0,6.0,180.0,100.0,110.0,140.0,78.0,75.0,43.0,0.0,0.0,,,78.0,9924.0,7.8,0.0,0.0
2024-01-05 07:00:00,102.0,330.0,20240105.0,7.0,160.0,100.0,90.0,140.0,68.0,73.0,53.0,0.0,0.0,,,90.0,9920.0,6.8,0.0,0.0
2024-01-05 08:00:00,103.0,330.0,20240105.0,8.0,160.0,90.0,80.0,120.0,65.0,71.0,57.0,0.0,0.0,,,94.0,9915.0,6.5,0.0,0.0
2024-01-05 09:00:00,104.0,330.0,20240105.0,9.0,170.0,100.0,100.0,140.0,75.0,69.0,67.0,2.0,0.0,,,94.0,9908.0,7.5,5.555555555555555,0.0
2024-01-05 10:00:00,105.0,330.0,20240105.0,10.0,250.0,90.0,70.0,140.0,87.0,67.0,81.0,6.0,0.0,,,95.0,9908.0,8.7,16.666666666666668,0.0
2024-01-05 11:00:00,106.0,330.0,20240105.0,11.0,330.0,100.0,90.0,120.0,75.0,65.0,67.0,11.0,0.0,,,95.0,9930.0,7.5,30.55555555555556,0.0
2024-01-05 12:00:00,107.0,330.0,20240105.0,12.0,310.0,90.0,90.0,110.0,76.0,63.0,60.0,14.0,0.0,,,89.0,9943.0,7.6,38.888888888888886,0.0
2024-01-05 13:00:00,108.0,330.0,20240105.0,13.0,320.0,80.0,80.0,100.0,79.0,64.83333333333333,60.0,13.0,0.0,,,87.0,9951.0,7.9,36.11111111111112,0.0
2024-01-05 14:00:00,109.0,330.0,20240105.0,14.0,320.0,70.0,70.0,90.0,86.0,66.66666666666667,58.0,35.0,3.0,,,82.0,9961.0,8.6,97.22222222222224,0.3
2024-01-05 15:00:00,110.0,330.0,20240105.0,15.0,320.0,60.0,50.0,80.0,82.0,68.5,57.0,12.0,2.0,,,84.0,9972.0,8.2,33.333333333333336,0.2
2024-01-05 16:00:00,111.0,330.0,20240105.0,16.0,310.0,50.0,40.0,60.0,84.0,70.33333333333333,60.0,1.0,0.0,,,85.0,9980.0,8.4,2.7777777777777777,0.0
2024-01-05 17:00:00,112.0,330.0,20240105.0,17.0,340.0,50.0,60.0,80.0,79.0,72.16666666666667,67.0,0.0,0.0,,,92.0,9990.0,7.9,0.0,0.0
2024-01-05 18:00:00,113.0,330.0,20240105.0,18.0,330.0,80.0,80.0,100.0,80.0,74.0,61.0,0.0,0.0,,,87.0,9999.0,8.0,0.0,0.0
2024-01-05 19:00:00,114.0,330.0,20240105.0,19.0,340.0,70.0,70.0,100.0,81.0,72.33333333333333,56.0,0.0,0.0,,,84.0,10007.0,8.1,0.0,0.0
2024-01-05 20:00:00,115.0,330.0,20240105.0,20.0,320.0,70.0,90.0,100.0,82.0,70.66666666666667,60.0,0.0,0.0,,,86.0,10014.0,8.2,0.0,0.0
2024-01-05 21:00:00,116.0,330.0,20240105.0,21.0,10.0,80.0,70.0,110.0,73.0,69.0,60.0,0.0,0.0,,,90.0,10022.0,7.3,0.0,0.0
2024-01-05 22:00:00,117.0,330.0,20240105.0,22.0,360.0,70.0,80.0,90.0,75.0,67.33333333333333,49.0,0.0,0.0,,,83.0,10030.0,7.5,0.0,0.0
2024-01-05 23:00:00,118.0,330.0,20240105.0,23.0,20.0,80.0,80.0,100.0,69.0,65.66666666666667,49.0,0.0,0.0,,,86.0,10037.0,6.9,0.0,0.0
2024-01-06 00:00:00,119.0,330.0,20240105.0,24.0,20.0,80.0,80.0,110.0,66.0,64.0,46.0,0.0,0.0,,,87.0,10044.0,6.6,0.0,0.0
2024-01-06 01:00:00,120.0,330.0,20240106.0,1.0,20.0,80.0,80.0,100.0,64.0,61.833333333333336,41.0,0.0,0.0,,,85.0,10049.0,6.4,0.0,0.0
2024-01-06 02:00:00,121.0,330.0,20240106.0,2.0,360.0,90.0,90.0,120.0,61.0,59.666666666666664,40.0,0.0,0.0,,,86.0,10058.0,6.1,0.0,0.0
2024-01-06 03:00:00,122.0,330.0,20240106.0,3.0,20.0,90.0,90.0,110.0,58.0,57.5,38.0,0.0,0.0,,,86.0,10066.0,5.8,0.0,0.0
2024-01-06 04:00:00,123.0,330.0,20240106.0,4.0,20.0,90.0,90.0,110.0,56.0,55.333333333333336,38.0,0.0,0.0,,,88.0,10071.0,5.6,0.0,0.0
2024-01-06 05:00:00,124.0,330.0,20240106.0,5.0,20.0,100.0,100.0,120.0,55.0,53.16666666666667,39.0,0.0,0.0,,,89.0,10078.0,5.5,0.0,0.0
2024-01-06 06:00:00,125.0,330.0,20240106.0,6.0,20.0,100.0,100.0,130.0,54.0,51.0,31.0,0.0,0.0,,,84.0,10084.0,5.4,0.0,0.0
2024-01-06 07:00:00,126.0,330.0,20240106.0,7.0,20.0,100.0,100.0,130.0,51.0,50.333333333333336,25.0,0.0,0.0,,,83.0,10094.0,5.1,0.0,0.0
2024-01-06 08:00:00,127.0,330.0,20240106.0,8.0,10.0,100.0,100.0,140.0,50.0,49.666666666666664,24.0,0.0,0.0,,,83.0,10104.0,5.0,0.0,0.0
2024-01-06 09:00:00,128.0,330.0,20240106.0,9.0,20.0,100.0,100.0,120.0,49.0,49.0,22.0,1.0,0.0,,,82.0,10113.0,4.9,2.7777777777777777,0.0
2024-01-06 10:00:00,129.0,330.0,20240106.0,10.0,20.0,100.0,100.0,120.0,51.0,48.333333333333336,18.0,11.0,0.0,,,79.0,10122.0,5.1,30.55555555555556,0.0
2024-01-06 11:00:00,130.0,330.0,20240106.0,11.0,20.0,100.0,90.0,130.0,54.0,47.666666666666664,16.0,9.0,0.0,,,76.0,10127.0,5.4,25.0,0.0
2024-01-06 12:00:00,131.0,330.0,20240106.0,12.0,20.0,100.0,90.0,120.0,52.0,47.0,17.0,14.0,0.0,,,77.0,10132.0,5.2,38.888888888888886,0.0
2024-01-06 13:00:00,132.0,330.0,20240106.0,13.0,10.0,100.0,120.0,130.0,50.0,45.333333333333336,17.0,18.0,0.0,,,79.0,10132.0,5.0,50.0,0.0
2024-01-06 14:00:00,133.0,330.0,20240106.0,14.0,10.0,100.0,100.0,130.0,50.0,43.666666666666664,22.0,21.0,0.0,,,82.0,10137.0,5.0,58.333333333333336,0.0
2024-01-06 15:00:00,134.0,330.0,20240106.0,15.0,10.0,110.0,110.0,150.0,48.0,42.0,23.0,11.0,0.0,,,84.0,10145.0,4.8,30.55555555555556,0.0
2024-01-06 16:00:00,135.0,330.0,20240106.0,16.0,20.0,110.0,120.0,140.0,46.0,40.333333333333336,14.0,2.0,0.0,,,79.0,10151.0,4.6,5.555555555555555,0.0
2024-01-06 17:00:00,136.0,330.0,20240106.0,17.0,30.0,100.0,90.0,140.0,46.0,38.666666666666664,16.0,0.0,0.0,,,80.0,10156.0,4.6,0.0,0.0
2024-01-06 18:00:00,137.0,330.0,20240106.0,18.0,30.0,100.0,90.0,140.0,41.0,37.0,12.0,0.0,0.0,,,81.0,10162.0,4.1,0.0,0.0
2024-01-06 19:00:00,138.0,330.0,20240106.0,19.0,40.0,80.0,80.0,120.0,33.0,33.333333333333336,5.0,0.0,0.0,,,81.0,10165.0,3.3,0.0,0.0
2024-01-06 20:00:00,139.0,330.0,20240106.0,20.0,20.0,90.0,100.0,120.0,39.0,29.666666666666668,5.0,0.0,0.0,,,78.0,10170.0,3.9,0.0,0.0
2024-01-06 21:00:00,140.0,330.0,20240106.0,21.0,20.0,100.0,110.0,130.0,40.0,26.0,5.0,0.0,0.0,,,77.0,10172.0,4.0,0.0,0.0
2024-01-06 22:00:00,141.0,330.0,20240106.0,22.0,30.0,90.0,110.0,140.0,32.0,22.333333333333336,-2.0,0.0,0.0,,,78.0,10176.0,3.2,0.0,0.0
2024-01-06 23:00:00,142.0,330.0,20240106.0,23.0,30.0,110.0,110.0,130.0,32.0,18.666666666666668,-6.0,0.0,0.0,,,76.0,10180.0,3.2,0.0,0.0
2024-01-07 00:00:00,143.0,330.0,20240106.0,24.0,30.0,120.0,110.0,150.0,17.0,15.0,-17.0,0.0,0.0,,,78.0,10185.0,1.7,0.0,0.0
2024-01-07 01:00:00,144.0,330.0,20240107.0,1.0,50.0,100.0,80.0,150.0,14.0,13.666666666666666,-16.0,0.0,0.0,,,80.0,10189.0,1.4,0.0,0.0
2024-01-07 02:00:00,145.0,330.0,20240107.0,2.0,50.0,90.0,90.0,120.0,12.0,12.333333333333334,-17.0,0.0,0.0,,,80.0,10194.0,1.2,0.0,0.0
2024-01-07 03:00:00,146.0,330.0,20240107.0,3.0,50.0,100.0,100.0,120.0,12.0,11.0,-17.0,0.0,0.0,,,81.0,10198.0,1.2,0.0,0.0
2024-01-07 04:00:00,147.0,330.0,20240107.0,4.0,50.0,110.0,100.0,130.0,12.0,9.666666666666668,-15.0,0.0,0.0,,,82.0,10203.0,1.2,0.0,0.0
2024-01-07 05:00:00,148.0,330.0,20240107.0,5.0,50.0,110.0,100.0,130.0,13.0,8.333333333333334,-15.0,0.0,0.0,,,81.0,10209.0,1.3,0.0,0.0
2024-01-07 06:00:00,149.0,330.0,20240107.0,6.0,50.0,90.0,90.0,140.0,13.0,7.0,-15.0,0.0,0.0,,,81.0,10216.0,1.3,0.0,0.0
2024-01-07 07:00:00,150.0,330.0,20240107.0,7.0,70.0,80.0,60.0,130.0,12.0,6.166666666666667,-15.0,0.0,0.0,,,82.0,10225.0,1.2,0.0,0.0
2024-01-07 08:00:00,151.0,330.0,20240107.0,8.0,40.0,90.0,100.0,120.0,11.0,5.333333333333333,-15.0,0.0,0.0,,,82.0,10232.0,1.1,0.0,0.0
2024-01-07 09:00:00,152.0,330.0,20240107.0,9.0,50.0,90.0,90.0,120.0,12.0,4.5,-18.0,3.0,0.0,,,80.0,10240.0,1.2,8.333333333333334,0.0
2024-01-07 10:00:00,153.0,330.0,20240107.0,10.0,60.0,80.0,90.0,110.0,12.0,3.6666666666666665,-21.0,13.0,0.0,,,78.0,10248.0,1.2,36.11111111111112,0.0
2024-01-07 11:00:00,154.0,330.0,20240107.0,11.0,60.0,100.0,90.0,130.0,3.0,2.833333333333333,-38.0,23.0,0.0,,,73.0,10253.0,0.3,63.888888888888886,0.0
2024-01-07 12:00:00,155.0,330.0,20240107.0,12.0,60.0,90.0,90.0,120.0,13.0,2.0,-32.0,53.0,3.0,,,71.0,10256.0,1.3,147.22222222222223,0.3
2024-01-07 13:00:00,156.0,330.0,20240107.0,13.0,70.0,90.0,100.0,120.0,18.0,-0.16666666666666652,-33.0,81.0,10.0,,,69.0,10256.0,1.8,225.0,1.0
2024-01-07 14:00:00,157.0,330.0,20240107.0,14.0,50.0,100.0,100.0,130.0,12.0,-2.333333333333333,-42.0,66.0,10.0,,,67.0,10263.0,1.2,183.3333333333333,1.0
2024-01-07 15:00:00,158.0,330.0,20240107.0,15.0,70.0,100.0,90.0,130.0,6.0,-4.5,-48.0,36.0,10.0,,,67.0,10272.0,0.6,100.0,1.0
2024-01-07 16:00:00,159.0,330.0,20240107.0,16.0,60.0,90.0,90.0,120.0,0.0,-6.666666666666666,-51.0,7.0,2.0,,,68.0,10280.0,0.0,19.444444444444443,0.2
2024-01-07 17:00:00,160.0,330.0,20240107.0,17.0,60.0,80.0,80.0,110.0,-3.0,-8.833333333333332,-50.0,0.0,0.0,,,70.0,10288.0,-0.3,0.0,0.0
2024-01-07 18:00:00,161.0,330.0,20240107.0,18.0,60.0,80.0,70.0,100.0,-5.0,-11.0,-49.0,0.0,0.0,,,71.0,10295.0,-0.5,0.0,0.0
2024-01-07 19:00:00,162.0,330.0,20240107.0,19.0,50.0,60.0,70.0,90.0,-9.0,-13.166666666666666,-46.0,0.0,0.0,,,76.0,10301.0,-0.9,0.0,0.0
2024-01-07 20:00:00,163.0,330.0,20240107.0,20.0,50.0,60.0,70.0,80.0,-13.0,-15.333333333333332,-41.0,0.0,0.0,,,81.0,10307.0,-1.3,0.0,0.0
2024-01-07 21:00:00,164.0,330.0,20240107.0,21.0,40.0,80.0,80.0,100.0,-12.0,-17.5,-39.0,0.0,0.0,,,82.0,10308.0,-1.2,0.0,0.0
2024-01-07 22:00:00,165.0,330.0,20240107.0,22.0,50.0,90.0,80.0,110.0,-6.0,-19.666666666666664,-40.0,0.0,0.0,,,78.0,10309.0,-0.6,0.0,0.0
2024-01-07 23:00:00,166.0,330.0,20240107.0,23.0,50.0,80.0,80.0,100.0,-8.0,-21.833333333333332,-36.0,0.0,0.0,,,81.0,10312.0,-0.8,0.0,0.0
2024-01-08 00:00:00,167.0,330.0,20240107.0,24.0,50.0,80.0,70.0,110.0,-13.0,-24.0,-36.0,0.0,0.0,,,84.0,10313.0,-1.3,0.0,0.0
2024-01-08 01:00:00,168.0,330.0,20240108.0,1.0,60.0,50.0,50.0,90.0,-22.0,-25.333333333333332,-42.0,0.0,0.0,,,86.0,10313.0,-2.2,0.0,0.0
2024-01-08 02:00:00,169.0,330.0,20240108.0,2.0,70.0,60.0,70.0,80.0,-12.0,-26.666666666666668,-48.0,0.0,0.0,,,76.0,10316.0,-1.2,0.0,0.0
2024-01-08 03:00:00,170.0,330.0,20240108.0,3.0,60.0,80.0,80.0,110.0,-12.0,-28.0,-60.0,0.0,0.0,,,69.0,10319.0,-1.2,0.0,0.0
2024-01-08 04:00:00,171.0,330.0,20240108.0,4.0,50.0,90.0,90.0,120.0,-13.0,-29.333333333333332,-61.0,0.0,0.0,,,69.0,10320.0,-1.3,0.0,0.0
2024-01-08 05:00:00,172.0,330.0,20240108.0,5.0,70.0,80.0,70.0,110.0,-22.0,-30.666666666666664,-65.0,0.0,0.0,,,72.0,10322.0,-2.2,0.0,0.0
2024-01-08 06:00:00,173.0,330.0,20240108.0,6.0,60.0,70.0,70.0,90.0,-24.0,-32.0,-59.0,0.0,0.0,,,76.0,10321.0,-2.4,0.0,0.0
2024-01-08 07:00:00,174.0,330.0,20240108.0,7.0,50.0,80.0,80.0,100.0,-14.0,-31.833333333333332,-48.0,0.0,0.0,,,77.0,10320.0,-1.4,0.0,0.0
2024-01-08 08:00:00,175.0,330.0,20240108.0,8.0,60.0,90.0,90.0,120.0,-8.0,-31.666666666666668,-57.0,0.0,0.0,,,69.0,10323.0,-0.8,0.0,0.0
2024-01-08 09:00:00,176.0,330.0,20240108.0,9.0,40.0,80.0,80.0,110.0,-6.0,-31.5,-52.0,7.0,0.0,,,70.0,10323.0,-0.6,19.444444444444443,0.0
2024-01-08 10:00:00,177.0,330.0,20240108.0,10.0,60.0,100.0,100.0,140.0,-3.0,-31.333333333333332,-64.0,17.0,0.0,,,63.0,10331.0,-0.3,47.22222222222222,0.0
2024-01-08 11:00:00,178.0,330.0,20240108.0,11.0,70.0,110.0,110.0,140.0,-4.0,-31.166666666666668,-64.0,36.0,0.0,,,63.0,10328.0,-0.4,100.0,0.0
2024-01-08 12:00:00,179.0,330.0,20240108.0,12.0,60.0,110.0,110.0,150.0,-7.0,-31.0,-56.0,29.0,0.0,,,69.0,10326.0,-0.7,80.55555555555556,0.0
2024-01-08 13:00:00,180.0,330.0,20240108.0,13.0,60.0,90.0,100.0,130.0,-1.0,-29.166666666666668,-60.0,34.0,0.0,,,64.0,10320.0,-0.1,94.44444444444444,0.0
2024-01-08 14:00:00,181.0,330.0,20240108.0,14.0,60.0,110.0,110.0,160.0,0.0,-27.333333333333332,-59.0,40.0,5.0,,,64.0,10316.0,0.0,111.11111111111111,0.5
2024-01-08 15:00:00,182.0,330.0,20240108.0,15.0,60.0,110.0,120.0,150.0,-5.0,-25.5,-63.0,21.0,7.0,,,64.0,10317.0,-0.5,58.333333333333336,0.7000000000000001
2024-01-08 16:00:00,183.0,330.0,20240108.0,16.0,60.0,110.0,100.0,150.0,-7.0,-23.666666666666668,-73.0,3.0,0.0,,,60.0,10319.0,-0.7,8.333333333333334,0.0
2024-01-08 17:00:00,184.0,330.0,20240108.0,17.0,70.0,100.0,100.0,140.0,-11.0,-21.833333333333336,-76.0,0.0,0.0,,,61.0,10323.0,-1.1,0.0,0.0
2024-01-08 18:00:00,185.0,330.0,20240108.0,18.0,70.0,100.0,100.0,140.0,-14.0,-20.0,-74.0,0.0,0.0,,,63.0,10329.0,-1.4,0.0,0.0
2024-01-08 19:00:00,186.0,330.0,20240108.0,19.0,70.0,110.0,110.0,150.0,-15.0,-22.0,-76.0,0.0,0.0,,,63.0,10332.0,-1.5,0.0,0.0
2024-01-08 20:00:00,187.0,330.0,20240108.0,20.0,70.0,100.0,100.0,150.0,-17.0,-24.0,-74.0,0.0,0.0,,,64.0,10333.0,-1.7,0.0,0.0
2024-01-08 21:00:00,188.0,330.0,20240108.0,21.0,70.0,100.0,90.0,150.0,-20.0,-26.0,-74.0,0.0,0.0,,,66.0,10334.0,-2.0,0.0,0.0
2024-01-08 22:00:00,189.0,330.0,20240108.0,22.0,70.0,90.0,90.0,120.0,-23.0,-28.0,-77.0,0.0,0.0,,,66.0,10334.0,-2.3,0.0,0.0
2024-01-08 23:00:00,190.0,330.0,20240108.0,23.0,70.0,90.0,90.0,130.0,-25.0,-30.0,-74.0,0.0,0.0,,,69.0,10337.0,-2.5,0.0,0.0
2024-01-09 00:00:00,191.0,330.0,20240108.0,24.0,70.0,90.0,90.0,120.0,-26.0,-32.0,-74.0,0.0,0.0,,,69.0,10338.0,-2.6,0.0,0.0
2024-01-09 01:00:00,192.0,330.0,20240109.0,1.0,80.0,90.0,80.0,120.0,-30.0,-34.166666666666664,-78.0,0.0,0.0,,,69.0,10336.0,-3.0,0.0,0.0
2024-01-09 02:00:00,193.0,330.0,20240109.0,2.0,80.0,90.0,90.0,130.0,-32.0,-36.333333333333336,-78.0,0.0,0.0,,,70.0,10337.0,-3.2,0.0,0.0
2024-01-09 03:00:00,194.0,330.0,20240109.0,3.0,80.0,80.0,80.0,120.0,-35.0,-38.5,-81.0,0.0,0.0,,,70.0,10333.0,-3.5,0.0,0.0
2024-01-09 04:00:00,195.0,330.0,20240109.0,4.0,80.0,80.0,90.0,110.0,-36.0,-40.666666666666664,-81.0,0.0,0.0,,,70.0,10331.0,-3.6,0.0,0.0
2024-01-09 05:00:00,196.0,330.0,20240109.0,5.0,80.0,80.0,80.0,120.0,-38.0,-42.83333333333333,-81.0,0.0,0.0,,,72.0,10329.0,-3.8,0.0,0.0
2024-01-09 06:00:00,197.0,330.0,20240109.0,6.0,80.0,80.0,90.0,110.0,-41.0,-45.0,-83.0,0.0,0.0,,,72.0,10330.0,-4.1,0.0,0.0
2024-01-09 07:00:00,198.0,330.0,20240109.0,7.0,80.0,90.0,80.0,120.0,-42.0,-45.5,-87.0,0.0,0.0,,,71.0,10334.0,-4.2,0.0,0.0
2024-01-09 08:00:00,199.0,330.0,20240109.0,8.0,80.0,90.0,90.0,120.0,-44.0,-46.0,-92.0,0.0,0.0,,,69.0,10339.0,-4.4,0.0,0.0
2024-01-09 09:00:00,200.0,330.0,20240109.0,9.0,80.0,90.0,80.0,120.0,-39.0,-46.5,-96.0,17.0,7.0,,,64.0,10342.0,-3.9,47.22222222222222,0.7000000000000001
2024-01-09 10:00:00,201.0,330.0,20240109.0,10.0,80.0,90.0,90.0,120.0,-30.0,-47.0,-104.0,51.0,10.0,,,57.0,10344.0,-3.0,141.66666666666666,1.0
2024-01-09 11:00:00,202.0,330.0,20240109.0,11.0,70.0,80.0,80.0,130.0,-18.0,-47.5,-108.0,80.0,10.0,,,50.0,10338.0,-1.8,222.22222222222223,1.0
2024-01-09 12:00:00,203.0,330.0,20240109.0,12.0,60.0,80.0,90.0,120.0,-5.0,-48.0,-115.0,94.0,10.0,,,43.0,10333.0,-0.5,261.1111111111111,1.0
2024-01-09 13:00:00,204.0,330.0,20240109.0,13.0,60.0,80.0,80.0,110.0,5.0,-44.166666666666664,-119.0,92.0,10.0,,,39.0,10327.0,0.5,255.5555555555556,1.0
2024-01-09 14:00:00,205.0,330.0,20240109.0,14.0,60.0,90.0,90.0,120.0,1.0,-40.333333333333336,-118.0,73.0,10.0,,,40.0,10323.0,0.1,202.77777777777777,1.0
2024-01-09 15:00:00,206.0,330.0,20240109.0,15.0,60.0,90.0,90.0,120.0,-2.0,-36.5,-118.0,42.0,10.0,,,41.0,10321.0,-0.2,116.66666666666669,1.0
2024-01-09 16:00:00,207.0,330.0,20240109.0,16.0,60.0,100.0,100.0,130.0,-10.0,-32.666666666666664,-114.0,9.0,2.0,,,45.0,10321.0,-1.0,25.0,0.2
2024-01-09 17:00:00,208.0,330.0,20240109.0,17.0,60.0,100.0,100.0,150.0,-15.0,-28.833333333333332,-113.0,0.0,0.0,,,47.0,10321.0,-1.5,0.0,0.0
2024-01-09 18:00:00,209.0,330.0,20240109.0,18.0,60.0,100.0,100.0,130.0,-18.0,-25.0,-109.0,0.0,0.0,,,49.0,10321.0,-1.8,0.0,0.0
2024-01-09 19:00:00,210.0,330.0,20240109.0,19.0,70.0,100.0,90.0,130.0,-19.0,-27.666666666666668,-112.0,0.0,0.0,,,48.0,10322.0,-1.9,0.0,0.0
2024-01-09 20:00:00,211.0,330.0,20240109.0,20.0,80.0,70.0,60.0,120.0,-23.0,-30.333333333333332,-111.0,0.0,0.0,,,50.0,10320.0,-2.3,0.0,0.0
2024-01-09 21:00:00,212.0,330.0,20240109.0,21.0,80.0,70.0,80.0,110.0,-23.0,-33.0,-116.0,0.0,0.0,,,49.0,10321.0,-2.3,0.0,0.0
2024-01-09 22:00:00,213.0,330.0,20240109.0,22.0,80.0,70.0,70.0,100.0,-25.0,-35.666666666666664,-117.0,0.0,0.0,,,49.0,10320.0,-2.5,0.0,0.0
2024-01-09 23:00:00,214.0,330.0,20240109.0,23.0,70.0,70.0,70.0,100.0,-29.0,-38.33333333333333,-111.0,0.0,0.0,,,53.0,10320.0,-2.9,0.0,0.0
2024-01-10 00:00:00,215.0,330.0,20240109.0,24.0,70.0,80.0,80.0,90.0,-35.0,-41.0,-99.0,0.0,0.0,,,61.0,10317.0,-3.5,0.0,0.0
2024-01-10 01:00:00,216.0,330.0,20240110.0,1.0,70.0,70.0,70.0,90.0,-35.0,-42.333333333333336,-90.0,0.0,0.0,,,65.0,10313.0,-3.5,0.0,0.0
2024-01-10 02:00:00,217.0,330.0,20240110.0,2.0,70.0,70.0,70.0,90.0,-38.0,-43.666666666666664,-90.0,0.0,0.0,,,67.0,10312.0,-3.8,0.0,0.0
2024-01-10 03:00:00,218.0,330.0,20240110.0,3.0,70.0,70.0,70.0,90.0,-37.0,-45.0,-90.0,0.0,0.0,,,66.0,10308.0,-3.7,0.0,0.0
2024-01-10 04:00:00,219.0,330.0,20240110.0,4.0,70.0,80.0,80.0,100.0,-40.0,-46.333333333333336,-88.0,0.0,0.0,,,69.0,10305.0,-4.0,0.0,0.0
2024-01-10 05:00:00,220.0,330.0,20240110.0,5.0,60.0,70.0,70.0,90.0,-42.0,-47.666666666666664,-91.0,0.0,0.0,,,68.0,10303.0,-4.2,0.0,0.0
2024-01-10 06:00:00,221.0,330.0,20240110.0,6.0,60.0,60.0,60.0,80.0,-43.0,-49.0,-92.0,0.0,0.0,,,68.0,10302.0,-4.3,0.0,0.0
2024-01-10 07:00:00,222.0,330.0,20240110.0,7.0,70.0,60.0,70.0,90.0,-42.0,-49.333333333333336,-95.0,0.0,0.0,,,66.0,10302.0,-4.2,0.0,0.0
2024-01-10 08:00:00,223.0,330.0,20240110.0,8.0,70.0,60.0,50.0,80.0,-43.0,-49.666666666666664,-95.0,0.0,0.0,,,67.0,10302.0,-4.3,0.0,0.0
2024-01-10 09:00:00,224.0,330.0,20240110.0,9.0,60.0,60.0,70.0,100.0,-34.0,-50.0,-99.0,17.0,7.0,,,60.0,10301.0,-3.4,47.22222222222222,0.7000000000000001
2024-01-10 10:00:00,225.0,330.0,20240110.0,10.0,70.0,60.0,70.0,90.0,-20.0,-50.333333333333336,-102.0,52.0,10.0,,,53.0,10302.0,-2.0,144.44444444444446,1.0
2024-01-10 11:00:00,226.0,330.0,20240110.0,11.0,90.0,60.0,60.0,90.0,-9.0,-50.666666666666664,-115.0,79.0,10.0,,,44.0,10299.0,-0.9,219.44444444444449,1.0
2024-01-10 12:00:00,227.0,330.0,20240110.0,12.0,70.0,70.0,60.0,90.0,-1.0,-51.0,-111.0,91.0,10.0,,,43.0,10298.0,-0.1,252.77777777777777,1.0
2024-01-10 13:00:00,228.0,330.0,20240110.0,13.0,80.0,60.0,70.0,90.0,5.0,-46.333333333333336,-108.0,88.0,10.0,,,42.0,10295.0,0.5,244.44444444444449,1.0
2024-01-10 14:00:00,229.0,330.0,20240110.0,14.0,70.0,60.0,60.0,80.0,10.0,-41.666666666666664,-106.0,68.0,10.0,,,41.0,10292.0,1.0,188.88888888888889,1.0
2024-01-10 15:00:00,230.0,330.0,20240110.0,15.0,60.0,60.0,60.0,80.0,2.0,-37.0,-98.0,38.0,10.0,,,47.0,10293.0,0.2,105.55555555555556,1.0
2024-01-10 16:00:00,231.0,330.0,20240110.0,16.0,70.0,60.0,60.0,80.0,-6.0,-32.33333333333333,-93.0,7.0,2.0,,,52.0,10295.0,-0.6,19.444444444444443,0.2
2024-01-10 17:00:00,232.0,330.0,20240110.0,17.0,70.0,60.0,60.0,70.0,-12.0,-27.666666666666664,-90.0,0.0,0.0,,,55.0,10299.0,-1.2,0.0,0.0
2024-01-10 18:00:00,233.0,330.0,20240110.0,18.0,70.0,50.0,50.0,70.0,-15.0,-23.0,-88.0,0.0,0.0,,,57.0,10307.0,-1.5,0.0,0.0
2024-01-10 19:00:00,234.0,330.0,20240110.0,19.0,70.0,40.0,40.0,70.0,-17.0,-25.5,-90.0,0.0,0.0,,,57.0,10311.0,-1.7,0.0,0.0
2024-01-10 20:00:00,235.0,330.0,20240110.0,20.0,80.0,40.0,40.0,60.0,-22.0,-28.0,-92.0,0.0,0.0,,,58.0,10314.0,-2.2,0.0,0.0
2024-01-10 21:00:00,236.0,330.0,20240110.0,21.0,70.0,40.0,40.0,60.0,-24.0,-30.5,-92.0,0.0,0.0,,,59.0,10319.0,-2.4,0.0,0.0
2024-01-10 22:00:00,237.0,330.0,20240110.0,22.0,70.0,40.0,40.0,50.0,-26.0,-33.0,-91.0,0.0,0.0,,,60.0,10324.0,-2.6,0.0,0.0
2024-01-10 23:00:00,238.0,330.0,20240110.0,23.0,70.0,50.0,50.0,70.0,-28.0,-35.5,-90.0,0.0,0.0,,,62.0,10326.0,-2.8,0.0,0.0
2024-01-11 00:00:00,239.0,330.0,20240110.0,24.0,80.0,50.0,40.0,60.0,-31.0,-38.0,-88.0,0.0,0.0,,,64.0,10329.0,-3.1,0.0,0.0
2024-01-11 01:00:00,240.0,330.0,20240111.0,1.0,70.0,40.0,40.0,60.0,-33.0,-47.5,-86.0,0.0,0.0,,,66.0,10330.0,-3.3,0.0,0.0
2024-01-11 02:00:00,241.0,330.0,20240111.0,2.0,70.0,40.0,30.0,60.0,-33.0,-57.0,-84.0,0.0,0.0,,,67.0,10334.0,-3.3,0.0,0.0
2024-01-11 03:00:00,242.0,330.0,20240111.0,3.0,70.0,30.0,30.0,50.0,-38.0,-66.5,-83.0,0.0,0.0,,,70.0,10336.0,-3.8,0.0,0.0
2024-01-11 04:00:00,243.0,330.0,20240111.0,4.0,60.0,30.0,40.0,50.0,-43.0,-76.0,-81.0,0.0,0.0,,,74.0,10336.0,-4.3,0.0,0.0
2024-01-11 05:00:00,244.0,330.0,20240111.0,5.0,50.0,30.0,40.0,60.0,-54.0,-85.5,-85.0,0.0,0.0,,,78.0,10342.0,-5.4,0.0,0.0
2024-01-11 06:00:00,245.0,330.0,20240111.0,6.0,60.0,50.0,40.0,70.0,-50.0,-95.0,-72.0,0.0,0.0,,,84.0,10344.0,-5.0,0.0,0.0
2024-01-11 07:00:00,246.0,330.0,20240111.0,7.0,40.0,40.0,50.0,60.0,-44.0,-92.83333333333333,-63.0,0.0,0.0,,,87.0,10349.0,-4.4,0.0,0.0
2024-01-11 08:00:00,247.0,330.0,20240111.0,8.0,50.0,60.0,50.0,90.0,-41.0,-90.66666666666667,-58.0,0.0,0.0,,,88.0,10350.0,-4.1,0.0,0.0
2024-01-11 09:00:00,248.0,330.0,20240111.0,9.0,40.0,30.0,30.0,60.0,-32.0,-88.5,-54.0,32.0,8.0,,,84.0,10353.0,-3.2,88.88888888888889,0.8
2024-01-11 10:00:00,249.0,330.0,20240111.0,10.0,50.0,60.0,80.0,100.0,-1.0,-86.33333333333333,-33.0,59.0,8.0,,,79.0,10362.0,-0.1,163.88888888888889,0.8
2024-01-11 11:00:00,250.0,330.0,20240111.0,11.0,70.0,60.0,40.0,90.0,6.0,-84.16666666666667,-17.0,29.0,0.0,,,84.0,10360.0,0.6,80.55555555555556,0.0
2024-01-11 12:00:00,251.0,330.0,20240111.0,12.0,70.0,40.0,40.0,60.0,18.0,-82.0,-9.0,29.0,0.0,,,82.0,10360.0,1.8,80.55555555555556,0.0
2024-01-11 13:00:00,252.0,330.0,20240111.0,13.0,130.0,20.0,10.0,50.0,23.0,-65.16666666666667,-6.0,25.0,0.0,,,81.0,10353.0,2.3,69.44444444444444,0.0
2024-01-11 14:00:00,253.0,330.0,20240111.0,14.0,190.0,20.0,20.0,20.0,26.0,-48.333333333333336,-2.0,22.0,0.0,,,81.0,10349.0,2.6,61.11111111111112,0.0
2024-01-11 15:00:00,254.0,330.0,20240111.0,15.0,210.0,20.0,20.0,30.0,30.0,-31.5,6.0,12.0,0.0,,,84.0,10347.0,3.0,33.333333333333336,0.0
2024-01-11 16:00:00,255.0,330.0,20240111.0,16.0,340.0,30.0,40.0,70.0,25.0,-14.666666666666671,11.0,2.0,0.0,,,90.0,10346.0,2.5,5.555555555555555,0.0
2024-01-11 17:00:00,256.0,330.0,20240111.0,17.0,360.0,60.0,60.0,90.0,59.0,2.166666666666657,34.0,0.0,0.0,,,83.0,10345.0,5.9,0.0,0.0
2024-01-11 18:00:00,257.0,330.0,20240111.0,18.0,10.0,80.0,90.0,110.0,62.0,19.0,34.0,0.0,0.0,,,82.0,10346.0,6.2,0.0,0.0
2024-01-11 19:00:00,258.0,330.0,20240111.0,19.0,10.0,90.0,90.0,110.0,62.0,23.833333333333332,33.0,0.0,0.0,,,81.0,10346.0,6.2,0.0,0.0
2024-01-11 20:00:00,259.0,330.0,20240111.0,20.0,10.0,90.0,100.0,110.0,61.0,28.666666666666664,31.0,0.0,0.0,,,81.0,10347.0,6.1,0.0,0.0
2024-01-11 21:00:00,260.0,330.0,20240111.0,21.0,20.0,90.0,80.0,120.0,59.0,33.5,27.0,0.0,0.0,,,79.0,10348.0,5.9,0.0,0.0
2024-01-11 22:00:00,261.0,330.0,20240111.0,22.0,30.0,90.0,70.0,130.0,55.0,38.33333333333333,26.0,0.0,0.0,,,81.0,10348.0,5.5,0.0,0.0
2024-01-11 23:00:00,262.0,330.0,20240111.0,23.0,50.0,60.0,60.0,110.0,52.0,43.166666666666664,25.0,0.0,0.0,,,82.0,10349.0,5.2,0.0,0.0
2024-01-12 00:00:00,263.0,330.0,20240111.0,24.0,30.0,60.0,70.0,100.0,54.0,48.0,28.0,0.0,0.0,,,82.0,10349.0,5.4,0.0,0.0
2024-01-12 01:00:00,264.0,330.0,20240112.0,1.0,30.0,80.0,70.0,100.0,52.0,46.333333333333336,25.0,0.0,0.0,,,82.0,10347.0,5.2,0.0,0.0
2024-01-12 02:00:00,265.0,330.0,20240112.0,2.0,50.0,60.0,50.0,100.0,52.0,44.666666666666664,22.0,0.0,0.0,,,81.0,10348.0,5.2,0.0,0.0
2024-01-12 03:00:00,266.0,330.0,20240112.0,3.0,60.0,40.0,40.0,70.0,49.0,43.0,21.0,0.0,0.0,,,82.0,10345.0,4.9,0.0,0.0
2024-01-12 04:00:00,267.0,330.0,20240112.0,4.0,70.0,30.0,30.0,60.0,47.0,41.333333333333336,23.0,0.0,0.0,,,84.0,10343.0,4.7,0.0,0.0
2024-01-12 05:00:00,268.0,330.0,20240112.0,5.0,50.0,30.0,30.0,50.0,50.0,39.666666666666664,21.0,0.0,0.0,,,81.0,10342.0,5.0,0.0,0.0
2024-01-12 06:00:00,269.0,330.0,20240112.0,6.0,50.0,30.0,30.0,50.0,49.0,38.0,20.0,0.0,0.0,,,81.0,10342.0,4.9,0.0,0.0
2024-01-12 07:00:00,270.0,330.0,20240112.0,7.0,50.0,30.0,30.0,40.0,46.0,37.166666666666664,22.0,0.0,0.0,,,84.0,10344.0,4.6,0.0,0.0
2024-01-12 08:00:00,271.0,330.0,20240112.0,8.0,20.0,20.0,20.0,40.0,49.0,36.333333333333336,20.0,0.0,0.0,,,81.0,10344.0,4.9,0.0,0.0
2024-01-12 09:00:00,272.0,330.0,20240112.0,9.0,20.0,60.0,80.0,100.0,58.0,35.5,19.0,4.0,0.0,,,76.0,10345.0,5.8,11.11111111111111,0.0
2024-01-12 10:00:00,273.0,330.0,20240112.0,10.0,10.0,70.0,60.0,100.0,61.0,34.666666666666664,25.0,11.0,0.0,,,77.0,10345.0,6.1,30.55555555555556,0.0
2024-01-12 11:00:00,274.0,330.0,20240112.0,11.0,20.0,60.0,60.0,100.0,62.0,33.833333333333336,21.0,22.0,0.0,,,75.0,10343.0,6.2,61.11111111111112,0.0
2024-01-12 12:00:00,275.0,330.0,20240112.0,12.0,10.0,60.0,60.0,90.0,64.0,33.0,25.0,28.0,0.0,,,75.0,10339.0,6.4,77.77777777777777,0.0
2024-01-12 13:00:00,276.0,330.0,20240112.0,13.0,10.0,60.0,50.0,90.0,63.0,34.0,32.0,26.0,0.0,,,80.0,10334.0,6.3,72.22222222222223,0.0
2024-01-12 14:00:00,277.0,330.0,20240112.0,14.0,340.0,50.0,60.0,80.0,65.0,35.0,30.0,41.0,3.0,,,78.0,10328.0,6.5,113.88888888888889,0.3
2024-01-12 15:00:00,278.0,330.0,20240112.0,15.0,360.0,60.0,60.0,90.0,55.0,36.0,34.0,18.0,3.0,,,86.0,10327.0,5.5,50.0,0.3
2024-01-12 16:00:00,279.0,330.0,20240112.0,16.0,350.0,60.0,60.0,80.0,48.0,37.0,32.0,4.0,0.0,,,88.0,10324.0,4.8,11.11111111111111,0.0
2024-01-12 17:00:00,280.0,330.0,20240112.0,17.0,350.0,50.0,40.0,80.0,48.0,38.0,34.0,0.0,0.0,,,90.0,10323.0,4.8,0.0,0.0
2024-01-12 18:00:00,281.0,330.0,20240112.0,18.0,340.0,40.0,50.0,70.0,48.0,39.0,40.0,0.0,0.0,,,94.0,10321.0,4.8,0.0,0.0
2024-01-12 19:00:00,282.0,330.0,20240112.0,19.0,340.0,60.0,50.0,80.0,51.0,33.833333333333336,31.0,0.0,0.0,,,87.0,10317.0,5.1,0.0,0.0
2024-01-12 20:00:00,283.0,330.0,20240112.0,20.0,10.0,40.0,30.0,70.0,44.0,28.666666666666664,34.0,0.0,0.0,,,93.0,10315.0,4.4,0.0,0.0
2024-01-12 21:00:00,284.0,330.0,20240112.0,21.0,20.0,20.0,10.0,50.0,37.0,23.5,35.0,0.0,0.0,,,98.0,10313.0,3.7,0.0,0.0
2024-01-12 22:00:00,285.0,330.0,20240112.0,22.0,190.0,10.0,10.0,20.0,41.0,18.333333333333332,36.0,0.0,0.0,,,96.0,10306.0,4.1,0.0,0.0
2024-01-12 23:00:00,286.0,330.0,20240112.0,23.0,230.0,20.0,20.0,30.0,43.0,13.166666666666664,39.0,0.0,0.0,,,97.0,10301.0,4.3,0.0,0.0
2024-01-13 00:00:00,287.0,330.0,20240112.0,24.0,280.0,30.0,30.0,50.0,50.0,8.0,45.0,0.0,0.0,,,96.0,10293.0,5.0,0.0,0.0
2024-01-13 01:00:00,288.0,330.0,20240113.0,1.0,280.0,40.0,50.0,70.0,51.0,13.666666666666668,43.0,0.0,0.0,,,94.0,10286.0,5.1,0.0,0.0
2024-01-13 02:00:00,289.0,330.0,20240113.0,2.0,290.0,40.0,40.0,70.0,50.0,19.333333333333336,43.0,0.0,0.0,,,94.0,10280.0,5.0,0.0,0.0
2024-01-13 03:00:00,290.0,330.0,20240113.0,3.0,260.0,50.0,50.0,80.0,47.0,25.0,43.0,0.0,0.0,,,96.0,10272.0,4.7,0.0,0.0
2024-01-13 04:00:00,291.0,330.0,20240113.0,4.0,280.0,70.0,70.0,100.0,47.0,30.666666666666668,42.0,0.0,0.0,,,96.0,10263.0,4.7,0.0,0.0
2024-01-13 05:00:00,292.0,330.0,20240113.0,5.0,270.0,70.0,70.0,110.0,50.0,36.333333333333336,34.0,0.0,0.0,,,89.0,10261.0,5.0,0.0,0.0
2024-01-13 06:00:00,293.0,330.0,20240113.0,6.0,280.0,80.0,70.0,110.0,47.0,42.0,27.0,0.0,0.0,,,87.0,10256.0,4.7,0.0,0.0
2024-01-13 07:00:00,294.0,330.0,20240113.0,7.0,260.0,80.0,80.0,110.0,46.0,41.0,25.0,0.0,0.0,,,86.0,10249.0,4.6,0.0,0.0
2024-01-13 08:00:00,295.0,330.0,20240113.0,8.0,270.0,80.0,90.0,120.0,44.0,40.0,21.0,0.0,0.0,,,84.0,10245.0,4.4,0.0,0.0
2024-01-13 09:00:00,296.0,330.0,20240113.0,9.0,280.0,90.0,100.0,130.0,44.0,39.0,18.0,2.0,0.0,,,83.0,10243.0,4.4,5.555555555555555,0.0
2024-01-13 10:00:00,297.0,330.0,20240113.0,10.0,270.0,80.0,70.0,120.0,40.0,38.0,14.0,5.0,0.0,,,83.0,10240.0,4.0,13.88888888888889,0.0
2024-01-13 11:00:00,298.0,330.0,20240113.0,11.0,290.0,80.0,80.0,110.0,40.0,37.0,9.0,9.0,0.0,,,80.0,10237.0,4.0,25.0,0.0
2024-01-13 12:00:00,299.0,330.0,20240113.0,12.0,270.0,70.0,60.0,100.0,42.0,36.0,14.0,10.0,0.0,,,82.0,10226.0,4.2,27.77777777777778,0.0
2024-01-13 13:00:00,300.0,330.0,20240113.0,13.0,270.0,60.0,70.0,80.0,48.0,36.833333333333336,22.0,12.0,0.0,,,83.0,10221.0,4.8,33.333333333333336,0.0
2024-01-13 14:00:00,301.0,330.0,20240113.0,14.0,280.0,60.0,70.0,90.0,51.0,37.666666666666664,29.0,6.0,0.0,,,85.0,10214.0,5.1,16.666666666666668,0.0
2024-01-13 15:00:00,302.0,330.0,20240113.0,15.0,270.0,60.0,60.0,80.0,50.0,38.5,32.0,4.0,0.0,,,88.0,10209.0,5.0,11.11111111111111,0.0
2024-01-13 16:00:00,303.0,330.0,20240113.0,16.0,260.0,80.0,70.0,100.0,51.0,39.333333333333336,30.0,1.0,0.0,,,86.0,10207.0,5.1,2.7777777777777777,0.0
2024-01-13 17:00:00,304.0,330.0,20240113.0,17.0,260.0,60.0,60.0,80.0,50.0,40.166666666666664,36.0,0.0,0.0,,,90.0,10204.0,5.0,0.0,0.0
2024-01-13 18:00:00,305.0,330.0,20240113.0,18.0,250.0,70.0,70.0,90.0,52.0,41.0,41.0,0.0,0.0,,,92.0,10199.0,5.2,0.0,0.0
2024-01-13 19:00:00,306.0,330.0,20240113.0,19.0,260.0,70.0,70.0,100.0,58.0,42.333333333333336,46.0,0.0,0.0,,,92.0,10195.0,5.8,0.0,0.0
2024-01-13 20:00:00,307.0,330.0,20240113.0,20.0,260.0,80.0,80.0,110.0,60.0,43.666666666666664,44.0,0.0,0.0,,,89.0,10188.0,6.0,0.0,0.0
2024-01-13 21:00:00,308.0,330.0,20240113.0,21.0,260.0,80.0,80.0,100.0,56.0,45.0,40.0,0.0,0.0,,,89.0,10180.0,5.6,0.0,0.0
2024-01-13 22:00:00,309.0,330.0,20240113.0,22.0,260.0,80.0,80.0,100.0,61.0,46.333333333333336,45.0,0.0,0.0,,,89.0,10173.0,6.1,0.0,0.0
2024-01-13 23:00:00,310.0,330.0,20240113.0,23.0,260.0,80.0,80.0,100.0,63.0,47.666666666666664,42.0,0.0,0.0,,,86.0,10168.0,6.3,0.0,0.0
2024-01-14 00:00:00,311.0,330.0,20240113.0,24.0,270.0,80.0,90.0,120.0,60.0,49.0,46.0,0.0,0.0,,,90.0,10163.0,6.0,0.0,0.0
2024-01-14 01:00:00,312.0,330.0,20240114.0,1.0,270.0,70.0,70.0,110.0,58.0,48.666666666666664,49.0,0.0,0.0,,,93.0,10157.0,5.8,0.0,0.0
2024-01-14 02:00:00,313.0,330.0,20240114.0,2.0,290.0,70.0,80.0,120.0,58.0,48.333333333333336,46.0,0.0,0.0,,,92.0,10152.0,5.8,0.0,0.0
2024-01-14 03:00:00,314.0,330.0,20240114.0,3.0,270.0,60.0,60.0,110.0,53.0,48.0,43.0,0.0,0.0,,,93.0,10145.0,5.3,0.0,0.0
2024-01-14 04:00:00,315.0,330.0,20240114.0,4.0,310.0,50.0,60.0,90.0,56.0,47.666666666666664,32.0,0.0,0.0,,,84.0,10137.0,5.6,0.0,0.0
2024-01-14 05:00:00,316.0,330.0,20240114.0,5.0,270.0,70.0,70.0,90.0,61.0,47.333333333333336,46.0,0.0,0.0,,,90.0,10131.0,6.1,0.0,0.0
2024-01-14 06:00:00,317.0,330.0,20240114.0,6.0,280.0,70.0,70.0,90.0,60.0,47.0,41.0,0.0,0.0,,,87.0,10125.0,6.0,0.0,0.0
2024-01-14 07:00:00,318.0,330.0,20240114.0,7.0,280.0,80.0,70.0,100.0,57.0,46.666666666666664,30.0,0.0,0.0,,,83.0,10117.0,5.7,0.0,0.0
2024-01-14 08:00:00,319.0,330.0,20240114.0,8.0,270.0,70.0,70.0,100.0,59.0,46.333333333333336,25.0,0.0,0.0,,,78.0,10117.0,5.9,0.0,0.0
2024-01-14 09:00:00,320.0,330.0,20240114.0,9.0,270.0,70.0,70.0,90.0,60.0,46.0,34.0,6.0,0.0,,,83.0,10114.0,6.0,16.666666666666668,0.0
2024-01-14 10:00:00,321.0,330.0,20240114.0,10.0,280.0,70.0,70.0,100.0,59.0,45.666666666666664,32.0,10.0,0.0,,,82.0,10111.0,5.9,27.77777777777778,0.0
2024-01-14 11:00:00,322.0,330.0,20240114.0,11.0,280.0,70.0,70.0,120.0,58.0,45.333333333333336,15.0,10.0,0.0,,,74.0,10102.0,5.8,27.77777777777778,0.0
2024-01-14 12:00:00,323.0,330.0,20240114.0,12.0,270.0,90.0,80.0,120.0,58.0,45.0,7.0,21.0,0.0,,,69.0,10093.0,5.8,58.333333333333336,0.0
2024-01-14 13:00:00,324.0,330.0,20240114.0,13.0,270.0,70.0,70.0,110.0,72.0,43.666666666666664,9.0,55.0,2.0,,,64.0,10082.0,7.2,152.77777777777777,0.2
2024-01-14 14:00:00,325.0,330.0,20240114.0,14.0,310.0,80.0,90.0,120.0,46.0,42.333333333333336,25.0,34.0,2.0,,,86.0,10075.0,4.6,94.44444444444444,0.2
2024-01-14 15:00:00,326.0,330.0,20240114.0,15.0,280.0,80.0,80.0,120.0,51.0,41.0,32.0,12.0,0.0,,,87.0,10070.0,5.1,33.333333333333336,0.0
2024-01-14 16:00:00,327.0,330.0,20240114.0,16.0,320.0,90.0,100.0,150.0,44.0,39.666666666666664,26.0,4.0,0.0,,,88.0,10064.0,4.4,11.11111111111111,0.0
2024-01-14 17:00:00,328.0,330.0,20240114.0,17.0,300.0,100.0,120.0,170.0,52.0,38.333333333333336,26.0,0.0,0.0,,,83.0,10061.0,5.2,0.0,0.0
2024-01-14 18:00:00,329.0,330.0,20240114.0,18.0,300.0,110.0,110.0,150.0,47.0,37.0,24.0,0.0,0.0,,,84.0,10058.0,4.7,0.0,0.0
2024-01-14 19:00:00,330.0,330.0,20240114.0,19.0,300.0,120.0,130.0,160.0,52.0,34.666666666666664,12.0,0.0,0.0,,,75.0,10054.0,5.2,0.0,0.0
2024-01-14 20:00:00,331.0,330.0,20240114.0,20.0,310.0,130.0,120.0,180.0,42.0,32.333333333333336,23.0,0.0,0.0,,,87.0,10053.0,4.2,0.0,0.0
2024-01-14 21:00:00,332.0,330.0,20240114.0,21.0,290.0,120.0,100.0,170.0,40.0,30.0,28.0,0.0,0.0,,,91.0,10049.0,4.0,0.0,0.0
2024-01-14 22:00:00,333.0,330.0,20240114.0,22.0,310.0,120.0,120.0,190.0,31.0,27.666666666666664,14.0,0.0,0.0,,,88.0,10049.0,3.1,0.0,0.0
2024-01-14 23:00:00,334.0,330.0,20240114.0,23.0,330.0,100.0,140.0,190.0,41.0,25.333333333333332,6.0,0.0,0.0,,,78.0,10047.0,4.1,0.0,0.0
2024-01-15 00:00:00,335.0,330.0,20240114.0,24.0,310.0,110.0,120.0,170.0,41.0,23.0,6.0,0.0,0.0,,,77.0,10044.0,4.1,0.0,0.0
2024-01-15 01:00:00,336.0,330.0,20240115.0,1.0,310.0,110.0,120.0,160.0,46.0,21.0,1.0,0.0,0.0,,,72.0,10036.0,4.6,0.0,0.0
2024-01-15 02:00:00,337.0,330.0,20240115.0,2.0,330.0,120.0,140.0,160.0,35.0,19.0,7.0,0.0,0.0,,,81.0,10035.0,3.5,0.0,0.0
2024-01-15 03:00:00,338.0,330.0,20240115.0,3.0,290.0,110.0,120.0,160.0,42.0,17.0,8.0,0.0,0.0,,,78.0,10034.0,4.2,0.0,0.0
2024-01-15 04:00:00,339.0,330.0,20240115.0,4.0,300.0,110.0,130.0,160.0,39.0,15.0,9.0,0.0,0.0,,,80.0,10029.0,3.9,0.0,0.0
2024-01-15 05:00:00,340.0,330.0,20240115.0,5.0,290.0,120.0,120.0,170.0,31.0,13.0,17.0,0.0,0.0,,,90.0,10025.0,3.1,0.0,0.0
2024-01-15 06:00:00,341.0,330.0,20240115.0,6.0,320.0,130.0,120.0,200.0,17.0,11.0,8.0,0.0,0.0,,,93.0,10027.0,1.7,0.0,0.0
2024-01-15 07:00:00,342.0,330.0,20240115.0,7.0,320.0,130.0,140.0,240.0,29.0,11.5,7.0,0.0,0.0,,,85.0,10022.0,2.9,0.0,0.0
2024-01-15 08:00:00,343.0,330.0,20240115.0,8.0,310.0,140.0,130.0,200.0,30.0,12.0,0.0,0.0,0.0,,,80.0,10023.0,3.0,0.0,0.0
2024-01-15 09:00:00,344.0,330.0,20240115.0,9.0,320.0,140.0,160.0,190.0,25.0,12.5,5.0,11.0,2.0,,,86.0,10027.0,2.5,30.55555555555556,0.2
2024-01-15 10:00:00,345.0,330.0,20240115.0,10.0,310.0,140.0,170.0,220.0,19.0,13.0,5.0,24.0,3.0,,,90.0,10030.0,1.9,66.66666666666667,0.3
2024-01-15 11:00:00,346.0,330.0,20240115.0,11.0,320.0,130.0,150.0,190.0,31.0,13.5,5.0,23.0,2.0,,,83.0,10033.0,3.1,63.888888888888886,0.2
2024-01-15 12:00:00,347.0,330.0,20240115.0,12.0,330.0,120.0,120.0,170.0,33.0,14.0,3.0,55.0,3.0,,,80.0,10035.0,3.3,152.77777777777777,0.3
2024-01-15 13:00:00,348.0,330.0,20240115.0,13.0,300.0,130.0,120.0,200.0,30.0,14.5,-8.0,44.0,2.0,,,75.0,10042.0,3.0,122.22222222222224,0.2
2024-01-15 14:00:00,349.0,330.0,20240115.0,14.0,320.0,120.0,150.0,200.0,42.0,15.0,-8.0,34.0,3.0,,,70.0,10043.0,4.2,94.44444444444444,0.3
2024-01-15 15:00:00,350.0,330.0,20240115.0,15.0,300.0,150.0,160.0,210.0,44.0,15.5,3.0,29.0,7.0,,,74.0,10048.0,4.4,80.55555555555556,0.7000000000000001
2024-01-15 16:00:00,351.0,330.0,20240115.0,16.0,330.0,130.0,110.0,180.0,37.0,16.0,-5.0,6.0,2.0,,,74.0,10057.0,3.7,16.666666666666668,0.2
2024-01-15 17:00:00,352.0,330.0,20240115.0,17.0,320.0,100.0,100.0,160.0,40.0,16.5,-5.0,0.0,0.0,,,72.0,10063.0,4.0,0.0,0.0
2024-01-15 18:00:00,353.0,330.0,20240115.0,18.0,290.0,130.0,140.0,180.0,31.0,17.0,7.0,0.0,0.0,,,84.0,10070.0,3.1,0.0,0.0
2024-01-15 19:00:00,354.0,330.0,20240115.0,19.0,320.0,120.0,100.0,170.0,31.0,16.5,3.0,0.0,0.0,,,82.0,10076.0,3.1,0.0,0.0
2024-01-15 20:00:00,355.0,330.0,20240115.0,20.0,320.0,110.0,110.0,160.0,34.0,16.0,-5.0,0.0,0.0,,,75.0,10082.0,3.4,0.0,0.0
2024-01-15 21:00:00,356.0,330.0,20240115.0,21.0,310.0,110.0,100.0,160.0,25.0,15.5,2.0,0.0,0.0,,,84.0,10083.0,2.5,0.0,0.0
2024-01-15 22:00:00,357.0,330.0,20240115.0,22.0,310.0,110.0,120.0,150.0,36.0,15.0,-20.0,0.0,0.0,,,66.0,10086.0,3.6,0.0,0.0
2024-01-15 23:00:00,358.0,330.0,20240115.0,23.0,320.0,110.0,120.0,160.0,31.0,14.5,0.0,0.0,0.0,,,80.0,10092.0,3.1,0.0,0.0
2024-01-16 00:00:00,359.0,330.0,20240115.0,24.0,330.0,100.0,110.0,150.0,30.0,14.0,1.0,0.0,0.0,,,80.0,10096.0,3.0,0.0,0.0
2024-01-16 01:00:00,360.0,330.0,20240116.0,1.0,300.0,90.0,90.0,130.0,23.0,14.0,-2.0,0.0,0.0,,,83.0,10098.0,2.3,0.0,0.0
2024-01-16 02:00:00,361.0,330.0,20240116.0,2.0,300.0,90.0,60.0,140.0,20.0,14.0,0.0,0.0,0.0,,,86.0,10097.0,2.0,0.0,0.0
2024-01-16 03:00:00,362.0,330.0,20240116.0,3.0,290.0,80.0,90.0,120.0,34.0,14.0,-2.0,0.0,0.0,,,77.0,10094.0,3.4,0.0,0.0
2024-01-16 04:00:00,363.0,330.0,20240116.0,4.0,280.0,90.0,90.0,110.0,32.0,14.0,-21.0,0.0,0.0,,,68.0,10090.0,3.2,0.0,0.0
2024-01-16 05:00:00,364.0,330.0,20240116.0,5.0,270.0,80.0,80.0,110.0,31.0,14.0,-25.0,0.0,0.0,,,66.0,10089.0,3.1,0.0,0.0
2024-01-16 06:00:00,365.0,330.0,20240116.0,6.0,260.0,70.0,70.0,110.0,29.0,14.0,-23.0,0.0,0.0,,,68.0,10084.0,2.9,0.0,0.0
2024-01-16 07:00:00,366.0,330.0,20240116.0,7.0,260.0,70.0,80.0,110.0,28.0,15.0,-26.0,0.0,0.0,,,67.0,10085.0,2.8,0.0,0.0
2024-01-16 08:00:00,367.0,330.0,20240116.0,8.0,270.0,70.0,70.0,110.0,26.0,16.0,-45.0,0.0,0.0,,,59.0,10088.0,2.6,0.0,0.0
2024-01-16 09:00:00,368.0,330.0,20240116.0,9.0,260.0,80.0,80.0,110.0,25.0,17.0,-41.0,8.0,0.0,,,61.0,10087.0,2.5,22.22222222222222,0.0
2024-01-16 10:00:00,369.0,330.0,20240116.0,10.0,260.0,80.0,80.0,110.0,30.0,18.0,-48.0,35.0,3.0,,,56.0,10086.0,3.0,97.22222222222224,0.3
2024-01-16 11:00:00,370.0,330.0,20240116.0,11.0,270.0,70.0,60.0,110.0,37.0,19.0,-40.0,86.0,10.0,,,57.0,10083.0,3.7,238.88888888888889,1.0
2024-01-16 12:00:00,371.0,330.0,20240116.0,12.0,260.0,70.0,70.0,100.0,39.0,20.0,-41.0,87.0,8.0,,,55.0,10077.0,3.9,241.66666666666663,0.8
2024-01-16 13:00:00,372.0,330.0,20240116.0,13.0,260.0,70.0,60.0,100.0,43.0,20.333333333333332,-34.0,96.0,10.0,,,57.0,10071.0,4.3,266.6666666666667,1.0
2024-01-16 14:00:00,373.0,330.0,20240116.0,14.0,260.0,70.0,70.0,90.0,39.0,20.666666666666668,-40.0,53.0,8.0,,,56.0,10065.0,3.9,147.22222222222223,0.8
2024-01-16 15:00:00,374.0,330.0,20240116.0,15.0,250.0,60.0,60.0,90.0,34.0,21.0,-34.0,28.0,8.0,,,60.0,10060.0,3.4,77.77777777777777,0.8
2024-01-16 16:00:00,375.0,330.0,20240116.0,16.0,240.0,60.0,60.0,80.0,35.0,21.333333333333332,-28.0,7.0,3.0,,,63.0,10059.0,3.5,19.444444444444443,0.3
2024-01-16 17:00:00,376.0,330.0,20240116.0,17.0,220.0,60.0,70.0,100.0,33.0,21.666666666666668,-21.0,0.0,0.0,,,67.0,10055.0,3.3,0.0,0.0
2024-01-16 18:00:00,377.0,330.0,20240116.0,18.0,190.0,70.0,80.0,110.0,25.0,22.0,-19.0,0.0,0.0,,,73.0,10051.0,2.5,0.0,0.0
2024-01-16 19:00:00,378.0,330.0,20240116.0,19.0,200.0,80.0,80.0,120.0,15.0,18.166666666666668,-31.0,0.0,0.0,,,71.0,10045.0,1.5,0.0,0.0
2024-01-16 20:00:00,379.0,330.0,20240116.0,20.0,190.0,80.0,80.0,120.0,12.0,14.333333333333332,-36.0,0.0,0.0,,,70.0,10038.0,1.2,0.0,0.0
2024-01-16 21:00:00,380.0,330.0,20240116.0,21.0,200.0,80.0,80.0,120.0,11.0,10.5,-36.0,0.0,0.0,,,71.0,10035.0,1.1,0.0,0.0
2024-01-16 22:00:00,381.0,330.0,20240116.0,22.0,200.0,70.0,70.0,110.0,10.0,6.666666666666666,-29.0,0.0,0.0,,,74.0,10024.0,1.0,0.0,0.0
2024-01-16 23:00:00,382.0,330.0,20240116.0,23.0,200.0,80.0,90.0,120.0,7.0,2.833333333333332,-27.0,0.0,0.0,,,77.0,10016.0,0.7,0.0,0.0
2024-01-17 00:00:00,383.0,330.0,20240116.0,24.0,200.0,80.0,90.0,110.0,6.0,-1.0,-27.0,0.0,0.0,,,78.0,10007.0,0.6,0.0,0.0
2024-01-17 01:00:00,384.0,330.0,20240117.0,1.0,190.0,70.0,70.0,100.0,2.0,-2.166666666666667,-28.0,0.0,0.0,,,79.0,9998.0,0.2,0.0,0.0
2024-01-17 02:00:00,385.0,330.0,20240117.0,2.0,200.0,70.0,70.0,100.0,-1.0,-3.3333333333333335,-30.0,0.0,0.0,,,80.0,9992.0,-0.1,0.0,0.0
2024-01-17 03:00:00,386.0,330.0,20240117.0,3.0,200.0,60.0,70.0,90.0,-3.0,-4.5,-30.0,0.0,0.0,,,81.0,9983.0,-0.3,0.0,0.0
2024-01-17 04:00:00,387.0,330.0,20240117.0,4.0,190.0,70.0,70.0,90.0,-3.0,-5.666666666666667,-34.0,0.0,0.0,,,79.0,9968.0,-0.3,0.0,0.0
2024-01-17 05:00:00,388.0,330.0,20240117.0,5.0,190.0,70.0,70.0,100.0,-2.0,-6.833333333333334,-33.0,0.0,0.0,,,79.0,9956.0,-0.2,0.0,0.0
2024-01-17 06:00:00,389.0,330.0,20240117.0,6.0,180.0,60.0,60.0,80.0,-4.0,-8.0,-33.0,0.0,0.0,,,80.0,9946.0,-0.4,0.0,0.0
2024-01-17 07:00:00,390.0,330.0,20240117.0,7.0,180.0,60.0,60.0,80.0,-6.0,-8.333333333333334,-32.0,0.0,0.0,,,82.0,9939.0,-0.6,0.0,0.0
2024-01-17 08:00:00,391.0,330.0,20240117.0,8.0,180.0,60.0,50.0,80.0,-5.0,-8.666666666666666,-33.0,0.0,0.0,,,81.0,9932.0,-0.5,0.0,0.0
2024-01-17 09:00:00,392.0,330.0,20240117.0,9.0,190.0,50.0,40.0,60.0,-4.0,-9.0,-35.0,9.0,0.0,,,79.0,9924.0,-0.4,25.0,0.0
2024-01-17 10:00:00,393.0,330.0,20240117.0,10.0,180.0,40.0,40.0,50.0,-1.0,-9.333333333333334,-31.0,23.0,0.0,,,80.0,9921.0,-0.1,63.888888888888886,0.0
2024-01-17 11:00:00,394.0,330.0,20240117.0,11.0,160.0,30.0,20.0,50.0,0.0,-9.666666666666666,-30.0,34.0,0.0,,,80.0,9913.0,0.0,94.44444444444444,0.0
2024-01-17 12:00:00,395.0,330.0,20240117.0,12.0,160.0,20.0,20.0,30.0,7.0,-10.0,-34.0,40.0,0.0,,,74.0,9904.0,0.7,111.11111111111111,0.0
2024-01-17 13:00:00,396.0,330.0,20240117.0,13.0,130.0,10.0,10.0,20.0,8.0,-8.333333333333334,-36.0,34.0,0.0,,,72.0,9896.0,0.8,94.44444444444444,0.0
2024-01-17 14:00:00,397.0,330.0,20240117.0,14.0,990.0,0.0,10.0,10.0,12.0,-6.666666666666666,-39.0,24.0,0.0,,,68.0,9891.0,1.2,66.66666666666667,0.0
2024-01-17 15:00:00,398.0,330.0,20240117.0,15.0,990.0,10.0,10.0,20.0,14.0,-5.0,-36.0,13.0,0.0,,,69.0,9890.0,1.4,36.11111111111112,0.0
2024-01-17 16:00:00,399.0,330.0,20240117.0,16.0,90.0,10.0,10.0,20.0,7.0,-3.333333333333333,-40.0,4.0,0.0,,,71.0,9891.0,0.7,11.11111111111111,0.0
2024-01-17 17:00:00,400.0,330.0,20240117.0,17.0,30.0,20.0,30.0,40.0,11.0,-1.666666666666666,-39.0,0.0,0.0,,,69.0,9894.0,1.1,0.0,0.0
2024-01-17 18:00:00,401.0,330.0,20240117.0,18.0,20.0,30.0,30.0,50.0,14.0,0.0,-19.0,0.0,0.0,,,78.0,9903.0,1.4,0.0,0.0
2024-01-17 19:00:00,402.0,330.0,20240117.0,19.0,30.0,40.0,50.0,60.0,24.0,-4.333333333333333,-5.0,0.0,0.0,,,81.0,9909.0,2.4,0.0,0.0
2024-01-17 20:00:00,403.0,330.0,20240117.0,20.0,50.0,60.0,60.0,80.0,27.0,-8.666666666666666,-14.0,0.0,0.0,,,74.0,9916.0,2.7,0.0,0.0
2024-01-17 21:00:00,404.0,330.0,20240117.0,21.0,50.0,60.0,50.0,70.0,24.0,-13.0,-13.0,0.0,0.0,,,76.0,9920.0,2.4,0.0,0.0
2024-01-17 22:00:00,405.0,330.0,20240117.0,22.0,50.0,50.0,40.0,80.0,27.0,-17.333333333333332,-17.0,0.0,0.0,,,72.0,9928.0,2.7,0.0,0.0
2024-01-17 23:00:00,406.0,330.0,20240117.0,23.0,60.0,30.0,30.0,60.0,22.0,-21.666666666666664,-26.0,0.0,0.0,,,70.0,9933.0,2.2,0.0,0.0
2024-01-18 00:00:00,407.0,330.0,20240117.0,24.0,50.0,20.0,20.0,40.0,15.0,-26.0,-35.0,0.0,0.0,,,69.0,9940.0,1.5,0.0,0.0
2024-01-18 01:00:00,408.0,330.0,20240118.0,1.0,70.0,20.0,20.0,30.0,2.0,-30.333333333333332,-35.0,0.0,0.0,,,76.0,9947.0,0.2,0.0,0.0
2024-01-18 02:00:00,409.0,330.0,20240118.0,2.0,20.0,40.0,70.0,90.0,15.0,-34.666666666666664,-28.0,0.0,0.0,,,73.0,9952.0,1.5,0.0,0.0
2024-01-18 03:00:00,410.0,330.0,20240118.0,3.0,30.0,50.0,40.0,90.0,8.0,-39.0,-27.0,0.0,0.0,,,77.0,9955.0,0.8,0.0,0.0
2024-01-18 04:00:00,411.0,330.0,20240118.0,4.0,20.0,30.0,30.0,60.0,3.0,-43.33333333333333,-28.0,0.0,0.0,,,79.0,9958.0,0.3,0.0,0.0
2024-01-18 05:00:00,412.0,330.0,20240118.0,5.0,340.0,70.0,70.0,90.0,24.0,-47.666666666666664,-35.0,0.0,0.0,,,65.0,9963.0,2.4,0.0,0.0
2024-01-18 06:00:00,413.0,330.0,20240118.0,6.0,340.0,60.0,50.0,80.0,25.0,-52.0,-29.0,0.0,0.0,,,67.0,9969.0,2.5,0.0,0.0
2024-01-18 07:00:00,414.0,330.0,20240118.0,7.0,40.0,60.0,60.0,100.0,11.0,-46.833333333333336,-35.0,0.0,0.0,,,71.0,9976.0,1.1,0.0,0.0
2024-01-18 08:00:00,415.0,330.0,20240118.0,8.0,340.0,40.0,70.0,110.0,9.0,-41.666666666666664,-27.0,0.0,0.0,,,76.0,9986.0,0.9,0.0,0.0
2024-01-18 09:00:00,416.0,330.0,20240118.0,9.0,330.0,60.0,80.0,110.0,34.0,-36.5,-30.0,14.0,5.0,,,62.0,9994.0,3.4,38.888888888888886,0.5
2024-01-18 10:00:00,417.0,330.0,20240118.0,10.0,350.0,90.0,80.0,110.0,40.0,-31.333333333333332,-28.0,52.0,8.0,,,60.0,10007.0,4.0,144.44444444444446,0.8
2024-01-18 11:00:00,418.0,330.0,20240118.0,11.0,330.0,70.0,70.0,130.0,41.0,-26.166666666666664,-4.0,83.0,10.0,,,72.0,10017.0,4.1,230.5555555555556,1.0
2024-01-18 12:00:00,419.0,330.0,20240118.0,12.0,350.0,90.0,100.0,110.0,47.0,-21.0,3.0,70.0,3.0,,,72.0,10026.0,4.7,194.44444444444449,0.3
2024-01-18 13:00:00,420.0,330.0,20240118.0,13.0,340.0,70.0,60.0,100.0,50.0,-13.833333333333332,-2.0,96.0,10.0,,,69.0,10034.0,5.0,266.6666666666667,1.0
2024-01-18 14:00:00,421.0,330.0,20240118.0,14.0,320.0,60.0,30.0,130.0,30.0,-6.666666666666666,7.0,65.0,7.0,,,84.0,10045.0,3.0,180.5555555555556,0.7000000000000001
2024-01-18 15:00:00,422.0,330.0,20240118.0,15.0,360.0,30.0,30.0,50.0,49.0,0.5,8.0,43.0,8.0,,,74.0,10058.0,4.9,119.44444444444444,0.8
2024-01-18 16:00:00,423.0,330.0,20240118.0,16.0,350.0,50.0,70.0,80.0,40.0,7.666666666666668,-39.0,12.0,3.0,,,56.0,10070.0,4.0,33.333333333333336,0.3
2024-01-18 17:00:00,424.0,330.0,20240118.0,17.0,340.0,60.0,60.0,90.0,38.0,14.833333333333336,-42.0,0.0,0.0,,,55.0,10083.0,3.8,0.0,0.0
2024-01-18 18:00:00,425.0,330.0,20240118.0,18.0,350.0,50.0,50.0,70.0,33.0,22.0,-47.0,0.0,0.0,,,55.0,10095.0,3.3,0.0,0.0
2024-01-18 19:00:00,426.0,330.0,20240118.0,19.0,320.0,30.0,30.0,60.0,22.0,8.833333333333334,-35.0,0.0,0.0,,,66.0,10102.0,2.2,0.0,0.0
2024-01-18 20:00:00,427.0,330.0,20240118.0,20.0,230.0,20.0,20.0,30.0,22.0,-4.333333333333332,-24.0,0.0,0.0,,,71.0,10110.0,2.2,0.0,0.0
2024-01-18 21:00:00,428.0,330.0,20240118.0,21.0,330.0,30.0,40.0,90.0,29.0,-17.5,-10.0,0.0,0.0,,,75.0,10119.0,2.9,0.0,0.0
2024-01-18 22:00:00,429.0,330.0,20240118.0,22.0,310.0,60.0,80.0,170.0,34.0,-30.666666666666664,-12.0,0.0,0.0,,,71.0,10129.0,3.4,0.0,0.0
2024-01-18 23:00:00,430.0,330.0,20240118.0,23.0,290.0,70.0,110.0,130.0,42.0,-43.83333333333333,-2.0,0.0,0.0,,,73.0,10132.0,4.2,0.0,0.0
2024-01-19 00:00:00,431.0,330.0,20240118.0,24.0,290.0,100.0,100.0,120.0,37.0,-57.0,-19.0,0.0,0.0,,,66.0,10136.0,3.7,0.0,0.0
2024-01-19 01:00:00,432.0,330.0,20240119.0,1.0,280.0,90.0,90.0,120.0,36.0,-46.0,-20.0,0.0,0.0,,,66.0,10139.0,3.6,0.0,0.0
2024-01-19 02:00:00,433.0,330.0,20240119.0,2.0,300.0,90.0,100.0,120.0,36.0,-35.0,-15.0,0.0,0.0,,,69.0,10145.0,3.6,0.0,0.0
2024-01-19 03:00:00,434.0,330.0,20240119.0,3.0,290.0,90.0,90.0,120.0,34.0,-24.0,-8.0,0.0,0.0,,,74.0,10151.0,3.4,0.0,0.0
2024-01-19 04:00:00,435.0,330.0,20240119.0,4.0,300.0,90.0,90.0,120.0,37.0,-13.0,-11.0,0.0,0.0,,,71.0,10153.0,3.7,0.0,0.0
2024-01-19 05:00:00,436.0,330.0,20240119.0,5.0,270.0,80.0,50.0,160.0,15.0,-2.0,5.0,0.0,0.0,,,93.0,10164.0,1.5,0.0,0.0
2024-01-19 06:00:00,437.0,330.0,20240119.0,6.0,320.0,80.0,80.0,120.0,27.0,9.0,-3.0,0.0,0.0,,,80.0,10170.0,2.7,0.0,0.0
2024-01-19 07:00:00,438.0,330.0,20240119.0,7.0,280.0,60.0,70.0,90.0,29.0,10.333333333333334,10.0,0.0,0.0,,,87.0,10180.0,2.9,0.0,0.0
2024-01-19 08:00:00,439.0,330.0,20240119.0,8.0,260.0,60.0,50.0,90.0,36.0,11.666666666666666,11.0,1.0,0.0,,,83.0,10188.0,3.6,2.7777777777777777,0.0
2024-01-19 09:00:00,440.0,330.0,20240119.0,9.0,280.0,70.0,70.0,100.0,44.0,13.0,4.0,14.0,3.0,,,74.0,10194.0,4.4,38.888888888888886,0.3
2024-01-19 10:00:00,441.0,330.0,20240119.0,10.0,270.0,70.0,60.0,90.0,49.0,14.333333333333332,-3.0,56.0,10.0,,,69.0,10201.0,4.9,155.55555555555554,1.0
2024-01-19 11:00:00,442.0,330.0,20240119.0,11.0,260.0,70.0,80.0,90.0,50.0,15.666666666666666,-6.0,84.0,10.0,,,67.0,10206.0,5.0,233.3333333333333,1.0
2024-01-19 12:00:00,443.0,330.0,20240119.0,12.0,260.0,80.0,80.0,110.0,53.0,17.0,-3.0,100.0,10.0,,,67.0,10207.0,5.3,277.77777777777777,1.0
2024-01-19 13:00:00,444.0,330.0,20240119.0,13.0,250.0,80.0,70.0,110.0,54.0,20.166666666666668,-5.0,92.0,10.0,,,65.0,10210.0,5.4,255.5555555555556,1.0
2024-01-19 14:00:00,445.0,330.0,20240119.0,14.0,260.0,70.0,70.0,100.0,54.0,23.333333333333332,-6.0,82.0,10.0,,,65.0,10212.0,5.4,227.77777777777777,1.0
2024-01-19 15:00:00,446.0,330.0,20240119.0,15.0,260.0,70.0,70.0,100.0,49.0,26.5,-6.0,45.0,10.0,,,67.0,10215.0,4.9,125.0,1.0
2024-01-19 16:00:00,447.0,330.0,20240119.0,16.0,250.0,70.0,80.0,100.0,47.0,29.666666666666664,-6.0,13.0,5.0,,,68.0,10220.0,4.7,36.11111111111112,0.5
2024-01-19 17:00:00,448.0,330.0,20240119.0,17.0,240.0,70.0,70.0,110.0,44.0,32.83333333333333,-5.0,0.0,0.0,,,70.0,10225.0,4.4,0.0,0.0
2024-01-19 18:00:00,449.0,330.0,20240119.0,18.0,250.0,70.0,80.0,110.0,45.0,36.0,-3.0,0.0,0.0,,,70.0,10228.0,4.5,0.0,0.0
2024-01-19 19:00:00,450.0,330.0,20240119.0,19.0,250.0,80.0,70.0,120.0,46.0,32.166666666666664,-4.0,0.0,0.0,,,69.0,10234.0,4.6,0.0,0.0
2024-01-19 20:00:00,451.0,330.0,20240119.0,20.0,250.0,80.0,80.0,110.0,47.0,28.333333333333332,-5.0,0.0,0.0,,,68.0,10238.0,4.7,0.0,0.0
2024-01-19 21:00:00,452.0,330.0,20240119.0,21.0,250.0,80.0,80.0,110.0,49.0,24.5,-7.0,0.0,0.0,,,67.0,10239.0,4.9,0.0,0.0
2024-01-19 22:00:00,453.0,330.0,20240119.0,22.0,220.0,70.0,60.0,100.0,31.0,20.666666666666664,9.0,0.0,0.0,,,85.0,10243.0,3.1,0.0,0.0
2024-01-19 23:00:00,454.0,330.0,20240119.0,23.0,200.0,70.0,70.0,100.0,23.0,16.833333333333332,3.0,0.0,0.0,,,86.0,10250.0,2.3,0.0,0.0
2024-01-20 00:00:00,455.0,330.0,20240119.0,24.0,210.0,70.0,70.0,90.0,17.0,13.0,-1.0,0.0,0.0,,,87.0,10253.0,1.7,0.0,0.0
2024-01-20 01:00:00,456.0,330.0,20240120.0,1.0,200.0,70.0,60.0,100.0,12.0,10.166666666666666,-6.0,0.0,0.0,,,87.0,10255.0,1.2,0.0,0.0
2024-01-20 02:00:00,457.0,330.0,20240120.0,2.0,200.0,70.0,60.0,90.0,12.0,7.333333333333333,-7.0,0.0,0.0,,,87.0,10257.0,1.2,0.0,0.0
2024-01-20 03:00:00,458.0,330.0,20240120.0,3.0,210.0,70.0,60.0,110.0,10.0,4.5,-7.0,0.0,0.0,,,88.0,10259.0,1.0,0.0,0.0
2024-01-20 04:00:00,459.0,330.0,20240120.0,4.0,210.0,70.0,80.0,100.0,5.0,1.666666666666666,-10.0,0.0,0.0,,,89.0,10260.0,0.5,0.0,0.0
2024-01-20 05:00:00,460.0,330.0,20240120.0,5.0,200.0,80.0,80.0,100.0,3.0,-1.1666666666666679,-12.0,0.0,0.0,,,89.0,10262.0,0.3,0.0,0.0
2024-01-20 06:00:00,461.0,330.0,20240120.0,6.0,210.0,80.0,80.0,100.0,0.0,-4.0,-16.0,0.0,0.0,,,88.0,10267.0,0.0,0.0,0.0
2024-01-20 07:00:00,462.0,330.0,20240120.0,7.0,200.0,80.0,80.0,120.0,-1.0,-4.333333333333333,-17.0,0.0,0.0,,,89.0,10269.0,-0.1,0.0,0.0
2024-01-20 08:00:00,463.0,330.0,20240120.0,8.0,200.0,80.0,90.0,110.0,-1.0,-4.666666666666667,-15.0,2.0,0.0,,,89.0,10272.0,-0.1,5.555555555555555,0.0
2024-01-20 09:00:00,464.0,330.0,20240120.0,9.0,200.0,90.0,80.0,120.0,0.0,-5.0,-15.0,17.0,5.0,,,89.0,10276.0,0.0,47.22222222222222,0.5
2024-01-20 10:00:00,465.0,330.0,20240120.0,10.0,200.0,90.0,100.0,130.0,15.0,-5.333333333333333,-13.0,54.0,5.0,,,81.0,10277.0,1.5,150.0,0.5
2024-01-20 11:00:00,466.0,330.0,20240120.0,11.0,200.0,90.0,100.0,130.0,17.0,-5.666666666666666,-18.0,66.0,7.0,,,77.0,10277.0,1.7,183.3333333333333,0.7000000000000001
2024-01-20 12:00:00,467.0,330.0,20240120.0,12.0,200.0,100.0,100.0,130.0,18.0,-6.0,-21.0,77.0,5.0,,,75.0,10275.0,1.8,213.88888888888889,0.5
2024-01-20 13:00:00,468.0,330.0,20240120.0,13.0,190.0,90.0,90.0,120.0,13.0,-4.166666666666667,-28.0,98.0,10.0,,,73.0,10269.0,1.3,272.22222222222223,1.0
2024-01-20 14:00:00,469.0,330.0,20240120.0,14.0,190.0,90.0,90.0,120.0,16.0,-2.3333333333333335,-37.0,72.0,10.0,,,68.0,10264.0,1.6,200.0,1.0
2024-01-20 15:00:00,470.0,330.0,20240120.0,15.0,200.0,90.0,90.0,140.0,13.0,-0.5,-45.0,33.0,10.0,,,65.0,10265.0,1.3,91.66666666666669,1.0
2024-01-20 16:00:00,471.0,330.0,20240120.0,16.0,190.0,90.0,90.0,130.0,10.0,1.333333333333333,-48.0,12.0,5.0,,,65.0,10263.0,1.0,33.333333333333336,0.5
2024-01-20 17:00:00,472.0,330.0,20240120.0,17.0,200.0,90.0,100.0,130.0,11.0,3.166666666666666,-45.0,0.0,0.0,,,66.0,10261.0,1.1,0.0,0.0
2024-01-20 18:00:00,473.0,330.0,20240120.0,18.0,190.0,100.0,90.0,130.0,9.0,5.0,-47.0,0.0,0.0,,,66.0,10256.0,0.9,0.0,0.0
2024-01-20 19:00:00,474.0,330.0,20240120.0,19.0,190.0,90.0,80.0,130.0,9.0,4.333333333333333,-52.0,0.0,0.0,,,63.0,10254.0,0.9,0.0,0.0
2024-01-20 20:00:00,475.0,330.0,20240120.0,20.0,180.0,90.0,90.0,120.0,10.0,3.666666666666667,-57.0,0.0,0.0,,,60.0,10248.0,1.0,0.0,0.0
2024-01-20 21:00:00,476.0,330.0,20240120.0,21.0,190.0,90.0,80.0,130.0,12.0,3.0,-55.0,0.0,0.0,,,61.0,10242.0,1.2,0.0,0.0
2024-01-20 22:00:00,477.0,330.0,20240120.0,22.0,180.0,80.0,90.0,110.0,10.0,2.3333333333333335,-53.0,0.0,0.0,,,62.0,10231.0,1.0,0.0,0.0
2024-01-20 23:00:00,478.0,330.0,20240120.0,23.0,170.0,90.0,90.0,110.0,8.0,1.666666666666667,-56.0,0.0,0.0,,,62.0,10224.0,0.8,0.0,0.0
2024-01-21 00:00:00,479.0,330.0,20240120.0,24.0,180.0,90.0,100.0,120.0,11.0,1.0,-60.0,0.0,0.0,,,59.0,10218.0,1.1,0.0,0.0
2024-01-21 01:00:00,480.0,330.0,20240121.0,1.0,180.0,100.0,110.0,140.0,15.0,2.0,-62.0,0.0,0.0,,,56.0,10204.0,1.5,0.0,0.0
2024-01-21 02:00:00,481.0,330.0,20240121.0,2.0,180.0,110.0,120.0,170.0,15.0,3.0,-59.0,0.0,0.0,,,58.0,10193.0,1.5,0.0,0.0
2024-01-21 03:00:00,482.0,330.0,20240121.0,3.0,180.0,120.0,130.0,170.0,14.0,4.0,-54.0,0.0,0.0,,,60.0,10182.0,1.4,0.0,0.0
2024-01-21 04:00:00,483.0,330.0,20240121.0,4.0,190.0,130.0,130.0,170.0,18.0,5.0,-56.0,0.0,0.0,,,57.0,10175.0,1.8,0.0,0.0
2024-01-21 05:00:00,484.0,330.0,20240121.0,5.0,190.0,120.0,120.0,170.0,20.0,6.0,-50.0,0.0,0.0,,,59.0,10168.0,2.0,0.0,0.0
2024-01-21 06:00:00,485.0,330.0,20240121.0,6.0,200.0,130.0,140.0,180.0,21.0,7.0,-49.0,0.0,0.0,,,59.0,10168.0,2.1,0.0,0.0
2024-01-21 07:00:00,486.0,330.0,20240121.0,7.0,190.0,140.0,140.0,200.0,20.0,8.666666666666666,-44.0,0.0,0.0,,,62.0,10165.0,2.0,0.0,0.0
2024-01-21 08:00:00,487.0,330.0,20240121.0,8.0,200.0,120.0,120.0,180.0,24.0,10.333333333333334,-26.0,1.0,0.0,,,69.0,10168.0,2.4,2.7777777777777777,0.0
2024-01-21 09:00:00,488.0,330.0,20240121.0,9.0,200.0,110.0,110.0,160.0,30.0,12.0,-9.0,7.0,0.0,,,76.0,10174.0,3.0,19.444444444444443,0.0
2024-01-21 10:00:00,489.0,330.0,20240121.0,10.0,200.0,110.0,110.0,160.0,39.0,13.666666666666668,12.0,12.0,0.0,,,82.0,10171.0,3.9,33.333333333333336,0.0
2024-01-21 11:00:00,490.0,330.0,20240121.0,11.0,200.0,110.0,110.0,150.0,42.0,15.333333333333334,15.0,21.0,0.0,,,82.0,10170.0,4.2,58.333333333333336,0.0
2024-01-21 12:00:00,491.0,330.0,20240121.0,12.0,200.0,100.0,110.0,170.0,54.0,17.0,25.0,28.0,0.0,,,81.0,10168.0,5.4,77.77777777777777,0.0
2024-01-21 13:00:00,492.0,330.0,20240121.0,13.0,200.0,110.0,110.0,150.0,55.0,22.5,30.0,22.0,0.0,,,83.0,10168.0,5.5,61.11111111111112,0.0
2024-01-21 14:00:00,493.0,330.0,20240121.0,14.0,200.0,120.0,130.0,180.0,56.0,28.0,32.0,21.0,0.0,,,84.0,10161.0,5.6,58.333333333333336,0.0
2024-01-21 15:00:00,494.0,330.0,20240121.0,15.0,200.0,130.0,130.0,170.0,55.0,33.5,33.0,16.0,0.0,,,85.0,10162.0,5.5,44.44444444444444,0.0
2024-01-21 16:00:00,495.0,330.0,20240121.0,16.0,200.0,140.0,130.0,200.0,54.0,39.0,34.0,6.0,0.0,,,86.0,10151.0,5.4,16.666666666666668,0.0
2024-01-21 17:00:00,496.0,330.0,20240121.0,17.0,190.0,130.0,130.0,180.0,55.0,44.5,36.0,0.0,0.0,,,87.0,10145.0,5.5,0.0,0.0
2024-01-21 18:00:00,497.0,330.0,20240121.0,18.0,190.0,130.0,140.0,180.0,58.0,50.0,37.0,0.0,0.0,,,86.0,10138.0,5.8,0.0,0.0
2024-01-21 19:00:00,498.0,330.0,20240121.0,19.0,190.0,150.0,150.0,210.0,60.0,50.833333333333336,39.0,0.0,0.0,,,86.0,10128.0,6.0,0.0,0.0
2024-01-21 20:00:00,499.0,330.0,20240121.0,20.0,190.0,160.0,170.0,210.0,65.0,51.666666666666664,42.0,0.0,0.0,,,84.0,10117.0,6.5,0.0,0.0
2024-01-21 21:00:00,500.0,330.0,20240121.0,21.0,190.0,160.0,160.0,220.0,70.0,52.5,51.0,0.0,0.0,,,88.0,10098.0,7.0,0.0,0.0
2024-01-21 22:00:00,501.0,330.0,20240121.0,22.0,180.0,170.0,170.0,220.0,78.0,53.333333333333336,60.0,0.0,0.0,,,88.0,10072.0,7.8,0.0,0.0
2024-01-21 23:00:00,502.0,330.0,20240121.0,23.0,190.0,170.0,170.0,240.0,89.0,54.166666666666664,62.0,0.0,0.0,,,82.0,10060.0,8.9,0.0,0.0
2024-01-22 00:00:00,503.0,330.0,20240121.0,24.0,190.0,160.0,150.0,230.0,95.0,55.0,64.0,0.0,0.0,,,81.0,10052.0,9.5,0.0,0.0
2024-01-22 01:00:00,504.0,330.0,20240122.0,1.0,190.0,170.0,170.0,240.0,98.0,61.166666666666664,72.0,0.0,0.0,,,83.0,10038.0,9.8,0.0,0.0
2024-01-22 02:00:00,505.0,330.0,20240122.0,2.0,200.0,170.0,170.0,240.0,100.0,67.33333333333333,78.0,0.0,0.0,,,86.0,10022.0,10.0,0.0,0.0
2024-01-22 03:00:00,506.0,330.0,20240122.0,3.0,200.0,170.0,180.0,240.0,100.0,73.5,84.0,0.0,0.0,,,89.0,10013.0,10.0,0.0,0.0
2024-01-22 04:00:00,507.0,330.0,20240122.0,4.0,200.0,160.0,140.0,230.0,101.0,79.66666666666667,92.0,0.0,0.0,,,94.0,10010.0,10.1,0.0,0.0
2024-01-22 05:00:00,508.0,330.0,20240122.0,5.0,220.0,140.0,150.0,200.0,105.0,85.83333333333334,96.0,0.0,0.0,,,93.0,10013.0,10.5,0.0,0.0
2024-01-22 06:00:00,509.0,330.0,20240122.0,6.0,220.0,160.0,160.0,240.0,103.0,92.0,81.0,0.0,0.0,,,85.0,10018.0,10.3,0.0,0.0
2024-01-22 07:00:00,510.0,330.0,20240122.0,7.0,220.0,140.0,140.0,210.0,99.0,90.5,80.0,0.0,0.0,,,87.0,10023.0,9.9,0.0,0.0
2024-01-22 08:00:00,511.0,330.0,20240122.0,8.0,230.0,140.0,130.0,210.0,94.0,89.0,78.0,0.0,0.0,,,89.0,10032.0,9.4,0.0,0.0
2024-01-22 09:00:00,512.0,330.0,20240122.0,9.0,230.0,120.0,110.0,180.0,87.0,87.5,70.0,3.0,0.0,,,89.0,10046.0,8.7,8.333333333333334,0.0
2024-01-22 10:00:00,513.0,330.0,20240122.0,10.0,240.0,110.0,110.0,170.0,96.0,86.0,65.0,27.0,2.0,,,80.0,10055.0,9.6,75.0,0.2
2024-01-22 11:00:00,514.0,330.0,20240122.0,11.0,240.0,110.0,110.0,170.0,100.0,84.5,59.0,81.0,10.0,,,75.0,10067.0,10.0,225.0,1.0
2024-01-22 12:00:00,515.0,330.0,20240122.0,12.0,240.0,120.0,120.0,170.0,98.0,83.0,56.0,98.0,10.0,,,75.0,10072.0,9.8,272.22222222222223,1.0
2024-01-22 13:00:00,516.0,330.0,20240122.0,13.0,230.0,100.0,80.0,160.0,90.0,81.16666666666667,56.0,94.0,10.0,,,79.0,10081.0,9.0,261.1111111111111,1.0
2024-01-22 14:00:00,517.0,330.0,20240122.0,14.0,220.0,90.0,90.0,130.0,87.0,79.33333333333333,56.0,68.0,10.0,,,80.0,10082.0,8.7,188.88888888888889,1.0
2024-01-22 15:00:00,518.0,330.0,20240122.0,15.0,230.0,90.0,90.0,140.0,84.0,77.5,56.0,45.0,10.0,,,82.0,10088.0,8.4,125.0,1.0
2024-01-22 16:00:00,519.0,330.0,20240122.0,16.0,230.0,90.0,90.0,140.0,78.0,75.66666666666667,52.0,17.0,5.0,,,83.0,10097.0,7.8,47.22222222222222,0.5
2024-01-22 17:00:00,520.0,330.0,20240122.0,17.0,230.0,90.0,90.0,140.0,78.0,73.83333333333333,53.0,0.0,0.0,,,84.0,10105.0,7.8,0.0,0.0
2024-01-22 18:00:00,521.0,330.0,20240122.0,18.0,230.0,110.0,100.0,160.0,80.0,72.0,49.0,0.0,0.0,,,81.0,10114.0,8.0,0.0,0.0
2024-01-22 19:00:00,522.0,330.0,20240122.0,19.0,230.0,100.0,110.0,160.0,77.0,71.83333333333333,53.0,0.0,0.0,,,84.0,10124.0,7.7,0.0,0.0
2024-01-22 20:00:00,523.0,330.0,20240122.0,20.0,230.0,100.0,100.0,170.0,80.0,71.66666666666667,53.0,0.0,0.0,,,83.0,10131.0,8.0,0.0,0.0
2024-01-22 21:00:00,524.0,330.0,20240122.0,21.0,250.0,120.0,130.0,190.0,86.0,71.5,42.0,0.0,0.0,,,74.0,10132.0,8.6,0.0,0.0
2024-01-22 22:00:00,525.0,330.0,20240122.0,22.0,250.0,140.0,140.0,190.0,79.0,71.33333333333333,29.0,0.0,0.0,,,70.0,10140.0,7.9,0.0,0.0
2024-01-22 23:00:00,526.0,330.0,20240122.0,23.0,250.0,120.0,120.0,180.0,83.0,71.16666666666667,39.0,0.0,0.0,,,74.0,10150.0,8.3,0.0,0.0
2024-01-23 00:00:00,527.0,330.0,20240122.0,24.0,260.0,140.0,150.0,200.0,78.0,71.0,38.0,0.0,0.0,,,76.0,10161.0,7.8,0.0,0.0
2024-01-23 01:00:00,528.0,330.0,20240123.0,1.0,260.0,140.0,130.0,190.0,77.0,70.0,37.0,0.0,0.0,,,75.0,10174.0,7.7,0.0,0.0
2024-01-23 02:00:00,529.0,330.0,20240123.0,2.0,260.0,120.0,120.0,170.0,76.0,69.0,35.0,0.0,0.0,,,75.0,10185.0,7.6,0.0,0.0
2024-01-23 03:00:00,530.0,330.0,20240123.0,3.0,270.0,130.0,120.0,170.0,73.0,68.0,32.0,0.0,0.0,,,75.0,10195.0,7.3,0.0,0.0
2024-01-23 04:00:00,531.0,330.0,20240123.0,4.0,270.0,120.0,120.0,160.0,74.0,67.0,31.0,0.0,0.0,,,74.0,10208.0,7.4,0.0,0.0
2024-01-23 05:00:00,532.0,330.0,20240123.0,5.0,270.0,110.0,110.0,150.0,73.0,66.0,34.0,0.0,0.0,,,76.0,10218.0,7.3,0.0,0.0
2024-01-23 06:00:00,533.0,330.0,20240123.0,6.0,270.0,110.0,100.0,160.0,70.0,65.0,35.0,0.0,0.0,,,78.0,10228.0,7.0,0.0,0.0
2024-01-23 07:00:00,534.0,330.0,20240123.0,7.0,270.0,100.0,90.0,150.0,66.0,63.5,35.0,0.0,0.0,,,80.0,10231.0,6.6,0.0,0.0
2024-01-23 08:00:00,535.0,330.0,20240123.0,8.0,250.0,70.0,70.0,110.0,66.0,62.0,32.0,1.0,0.0,,,78.0,10241.0,6.6,2.7777777777777777,0.0
2024-01-23 09:00:00,536.0,330.0,20240123.0,9.0,220.0,70.0,60.0,120.0,64.0,60.5,37.0,21.0,8.0,,,83.0,10248.0,6.4,58.333333333333336,0.8
2024-01-23 10:00:00,537.0,330.0,20240123.0,10.0,220.0,80.0,80.0,120.0,75.0,59.0,41.0,57.0,10.0,,,79.0,10247.0,7.5,158.33333333333334,1.0
2024-01-23 11:00:00,538.0,330.0,20240123.0,11.0,210.0,80.0,80.0,120.0,77.0,57.5,47.0,64.0,3.0,,,81.0,10243.0,7.7,177.77777777777777,0.3
2024-01-23 12:00:00,539.0,330.0,20240123.0,12.0,200.0,80.0,70.0,120.0,83.0,56.0,48.0,74.0,6.0,,,78.0,10229.0,8.3,205.5555555555556,0.6000000000000001
2024-01-23 13:00:00,540.0,330.0,20240123.0,13.0,200.0,90.0,100.0,130.0,83.0,59.0,55.0,32.0,0.0,,,82.0,10222.0,8.3,88.88888888888889,0.0
2024-01-23 14:00:00,541.0,330.0,20240123.0,14.0,200.0,100.0,110.0,130.0,83.0,62.0,64.0,19.0,0.0,,,87.0,10207.0,8.3,52.77777777777778,0.0
2024-01-23 15:00:00,542.0,330.0,20240123.0,15.0,180.0,110.0,120.0,150.0,78.0,65.0,67.0,10.0,0.0,,,92.0,10190.0,7.8,27.77777777777778,0.0
2024-01-23 16:00:00,543.0,330.0,20240123.0,16.0,190.0,120.0,120.0,170.0,79.0,68.0,66.0,3.0,0.0,,,91.0,10175.0,7.9,8.333333333333334,0.0
2024-01-23 17:00:00,544.0,330.0,20240123.0,17.0,200.0,130.0,130.0,170.0,80.0,71.0,72.0,0.0,0.0,,,94.0,10167.0,8.0,0.0,0.0
2024-01-23 18:00:00,545.0,330.0,20240123.0,18.0,210.0,130.0,130.0,180.0,89.0,74.0,81.0,0.0,0.0,,,94.0,10155.0,8.9,0.0,0.0
2024-01-23 19:00:00,546.0,330.0,20240123.0,19.0,210.0,140.0,150.0,220.0,100.0,76.16666666666667,93.0,0.0,0.0,,,95.0,10149.0,10.0,0.0,0.0
2024-01-23 20:00:00,547.0,330.0,20240123.0,20.0,220.0,150.0,160.0,230.0,110.0,78.33333333333333,99.0,0.0,0.0,,,93.0,10139.0,11.0,0.0,0.0
2024-01-23 21:00:00,548.0,330.0,20240123.0,21.0,220.0,150.0,150.0,220.0,103.0,80.5,91.0,0.0,0.0,,,91.0,10133.0,10.3,0.0,0.0
2024-01-23 22:00:00,549.0,330.0,20240123.0,22.0,220.0,160.0,160.0,240.0,106.0,82.66666666666667,93.0,0.0,0.0,,,91.0,10129.0,10.6,0.0,0.0
2024-01-23 23:00:00,550.0,330.0,20240123.0,23.0,220.0,160.0,180.0,240.0,107.0,84.83333333333333,91.0,0.0,0.0,,,89.0,10119.0,10.7,0.0,0.0
2024-01-24 00:00:00,551.0,330.0,20240123.0,24.0,220.0,170.0,160.0,250.0,109.0,87.0,92.0,0.0,0.0,,,89.0,10120.0,10.9,0.0,0.0
2024-01-24 01:00:00,552.0,330.0,20240124.0,1.0,220.0,160.0,160.0,240.0,109.0,86.83333333333333,96.0,0.0,0.0,,,91.0,10121.0,10.9,0.0,0.0
2024-01-24 02:00:00,553.0,330.0,20240124.0,2.0,230.0,170.0,170.0,250.0,107.0,86.66666666666667,95.0,0.0,0.0,,,92.0,10122.0,10.7,0.0,0.0
2024-01-24 03:00:00,554.0,330.0,20240124.0,3.0,230.0,150.0,150.0,240.0,100.0,86.5,90.0,0.0,0.0,,,93.0,10128.0,10.0,0.0,0.0
2024-01-24 04:00:00,555.0,330.0,20240124.0,4.0,230.0,140.0,140.0,210.0,97.0,86.33333333333333,80.0,0.0,0.0,,,88.0,10131.0,9.7,0.0,0.0
2024-01-24 05:00:00,556.0,330.0,20240124.0,5.0,240.0,140.0,130.0,220.0,97.0,86.16666666666667,68.0,0.0,0.0,,,81.0,10138.0,9.7,0.0,0.0
2024-01-24 06:00:00,557.0,330.0,20240124.0,6.0,240.0,140.0,150.0,210.0,100.0,86.0,57.0,0.0,0.0,,,74.0,10146.0,10.0,0.0,0.0
2024-01-24 07:00:00,558.0,330.0,20240124.0,7.0,250.0,150.0,150.0,220.0,100.0,87.0,47.0,0.0,0.0,,,69.0,10159.0,10.0,0.0,0.0
2024-01-24 08:00:00,559.0,330.0,20240124.0,8.0,240.0,150.0,150.0,200.0,98.0,88.0,48.0,1.0,0.0,,,71.0,10173.0,9.8,2.7777777777777777,0.0
2024-01-24 09:00:00,560.0,330.0,20240124.0,9.0,250.0,140.0,140.0,210.0,100.0,89.0,49.0,13.0,0.0,,,70.0,10184.0,10.0,36.11111111111112,0.0
2024-01-24 10:00:00,561.0,330.0,20240124.0,10.0,250.0,150.0,150.0,200.0,101.0,90.0,54.0,39.0,2.0,,,72.0,10196.0,10.1,108.33333333333331,0.2
2024-01-24 11:00:00,562.0,330.0,20240124.0,11.0,250.0,140.0,150.0,210.0,100.0,91.0,51.0,57.0,3.0,,,71.0,10208.0,10.0,158.33333333333334,0.3
2024-01-24 12:00:00,563.0,330.0,20240124.0,12.0,250.0,140.0,130.0,200.0,99.0,92.0,55.0,68.0,5.0,,,73.0,10218.0,9.9,188.88888888888889,0.5
2024-01-24 13:00:00,564.0,330.0,20240124.0,13.0,250.0,130.0,120.0,180.0,96.0,91.66666666666667,52.0,54.0,2.0,,,74.0,10227.0,9.6,150.0,0.2
2024-01-24 14:00:00,565.0,330.0,20240124.0,14.0,250.0,120.0,110.0,170.0,94.0,91.33333333333333,52.0,37.0,0.0,,,75.0,10234.0,9.4,102.77777777777776,0.0
2024-01-24 15:00:00,566.0,330.0,20240124.0,15.0,250.0,110.0,120.0,150.0,94.0,91.0,51.0,25.0,0.0,,,74.0,10243.0,9.4,69.44444444444444,0.0
2024-01-24 16:00:00,567.0,330.0,20240124.0,16.0,250.0,110.0,100.0,150.0,94.0,90.66666666666667,49.0,7.0,0.0,,,73.0,10251.0,9.4,19.444444444444443,0.0
2024-01-24 17:00:00,568.0,330.0,20240124.0,17.0,250.0,100.0,90.0,150.0,95.0,90.33333333333333,47.0,0.0,0.0,,,71.0,10255.0,9.5,0.0,0.0
2024-01-24 18:00:00,569.0,330.0,20240124.0,18.0,250.0,110.0,90.0,140.0,96.0,90.0,47.0,0.0,0.0,,,71.0,10261.0,9.6,0.0,0.0
2024-01-24 19:00:00,570.0,330.0,20240124.0,19.0,260.0,90.0,90.0,130.0,93.0,86.16666666666667,48.0,0.0,0.0,,,73.0,10265.0,9.3,0.0,0.0
2024-01-24 20:00:00,571.0,330.0,20240124.0,20.0,250.0,80.0,80.0,120.0,92.0,82.33333333333333,49.0,0.0,0.0,,,74.0,10270.0,9.2,0.0,0.0
2024-01-24 21:00:00,572.0,330.0,20240124.0,21.0,260.0,80.0,80.0,120.0,90.0,78.5,52.0,0.0,0.0,,,76.0,10272.0,9.0,0.0,0.0
2024-01-24 22:00:00,573.0,330.0,20240124.0,22.0,270.0,90.0,100.0,130.0,85.0,74.66666666666667,54.0,0.0,0.0,,,80.0,10276.0,8.5,0.0,0.0
2024-01-24 23:00:00,574.0,330.0,20240124.0,23.0,270.0,80.0,80.0,120.0,78.0,70.83333333333333,51.0,0.0,0.0,,,83.0,10278.0,7.8,0.0,0.0
2024-01-25 00:00:00,575.0,330.0,20240124.0,24.0,280.0,80.0,70.0,100.0,72.0,67.0,52.0,0.0,0.0,,,86.0,10283.0,7.2,0.0,0.0
2024-01-25 01:00:00,576.0,330.0,20240125.0,1.0,280.0,70.0,70.0,90.0,69.0,59.666666666666664,50.0,0.0,0.0,,,87.0,10283.0,6.9,0.0,0.0
2024-01-25 02:00:00,577.0,330.0,20240125.0,2.0,280.0,60.0,60.0,80.0,65.0,52.333333333333336,50.0,0.0,0.0,,,90.0,10289.0,6.5,0.0,0.0
2024-01-25 03:00:00,578.0,330.0,20240125.0,3.0,270.0,50.0,60.0,70.0,62.0,45.0,48.0,0.0,0.0,,,91.0,10289.0,6.2,0.0,0.0
2024-01-25 04:00:00,579.0,330.0,20240125.0,4.0,260.0,50.0,50.0,70.0,62.0,37.66666666666667,48.0,0.0,0.0,,,90.0,10289.0,6.2,0.0,0.0
2024-01-25 05:00:00,580.0,330.0,20240125.0,5.0,240.0,40.0,40.0,60.0,57.0,30.333333333333336,43.0,0.0,0.0,,,90.0,10289.0,5.7,0.0,0.0
2024-01-25 06:00:00,581.0,330.0,20240125.0,6.0,220.0,30.0,30.0,50.0,51.0,23.0,41.0,0.0,0.0,,,93.0,10292.0,5.1,0.0,0.0
2024-01-25 07:00:00,582.0,330.0,20240125.0,7.0,230.0,40.0,50.0,60.0,52.0,23.666666666666668,43.0,0.0,0.0,,,93.0,10292.0,5.2,0.0,0.0
2024-01-25 08:00:00,583.0,330.0,20240125.0,8.0,220.0,40.0,30.0,60.0,50.0,24.333333333333332,43.0,1.0,0.0,,,95.0,10292.0,5.0,2.7777777777777777,0.0
2024-01-25 09:00:00,584.0,330.0,20240125.0,9.0,180.0,30.0,30.0,50.0,57.0,25.0,46.0,15.0,0.0,,,92.0,10291.0,5.7,41.66666666666666,0.0
2024-01-25 10:00:00,585.0,330.0,20240125.0,10.0,180.0,50.0,50.0,70.0,64.0,25.666666666666668,52.0,28.0,0.0,,,92.0,10287.0,6.4,77.77777777777777,0.0
2024-01-25 11:00:00,586.0,330.0,20240125.0,11.0,190.0,50.0,60.0,70.0,72.0,26.333333333333332,54.0,27.0,0.0,,,88.0,10285.0,7.2,75.0,0.0
2024-01-25 12:00:00,587.0,330.0,20240125.0,12.0,190.0,60.0,40.0,80.0,82.0,27.0,54.0,37.0,0.0,,,82.0,10276.0,8.2,102.77777777777776,0.0
2024-01-25 13:00:00,588.0,330.0,20240125.0,13.0,200.0,60.0,50.0,90.0,80.0,36.0,68.0,43.0,0.0,,,92.0,10264.0,8.0,119.44444444444444,0.0
2024-01-25 14:00:00,589.0,330.0,20240125.0,14.0,190.0,50.0,60.0,70.0,83.0,45.0,71.0,31.0,0.0,,,91.0,10256.0,8.3,86.11111111111111,0.0
2024-01-25 15:00:00,590.0,330.0,20240125.0,15.0,200.0,60.0,70.0,90.0,84.0,54.0,75.0,10.0,0.0,,,94.0,10251.0,8.4,27.77777777777778,0.0
2024-01-25 16:00:00,591.0,330.0,20240125.0,16.0,190.0,60.0,50.0,90.0,87.0,63.0,80.0,3.0,0.0,,,95.0,10248.0,8.7,8.333333333333334,0.0
2024-01-25 17:00:00,592.0,330.0,20240125.0,17.0,200.0,50.0,60.0,90.0,94.0,72.0,89.0,0.0,0.0,,,96.0,10243.0,9.4,0.0,0.0
2024-01-25 18:00:00,593.0,330.0,20240125.0,18.0,220.0,70.0,90.0,110.0,94.0,81.0,90.0,0.0,0.0,,,97.0,10242.0,9.4,0.0,0.0
2024-01-25 19:00:00,594.0,330.0,20240125.0,19.0,210.0,80.0,80.0,130.0,95.0,82.33333333333333,92.0,0.0,0.0,,,97.0,10238.0,9.5,0.0,0.0
2024-01-25 20:00:00,595.0,330.0,20240125.0,20.0,220.0,80.0,80.0,130.0,95.0,83.66666666666667,92.0,0.0,0.0,,,97.0,10236.0,9.5,0.0,0.0
2024-01-25 21:00:00,596.0,330.0,20240125.0,21.0,230.0,80.0,80.0,140.0,93.0,85.0,88.0,0.0,0.0,,,96.0,10233.0,9.3,0.0,0.0
2024-01-25 22:00:00,597.0,330.0,20240125.0,22.0,210.0,80.0,70.0,120.0,91.0,86.33333333333333,85.0,0.0,0.0,,,95.0,10227.0,9.1,0.0,0.0
2024-01-25 23:00:00,598.0,330.0,20240125.0,23.0,220.0,80.0,90.0,130.0,93.0,87.66666666666667,82.0,0.0,0.0,,,92.0,10223.0,9.3,0.0,0.0
2024-01-26 00:00:00,599.0,330.0,20240125.0,24.0,210.0,90.0,100.0,130.0,98.0,89.0,86.0,0.0,0.0,,,92.0,10216.0,9.8,0.0,0.0
2024-01-26 01:00:00,600.0,330.0,20240126.0,1.0,210.0,90.0,100.0,140.0,103.0,90.0,91.0,0.0,0.0,,,92.0,10210.0,10.3,0.0,0.0
2024-01-26 02:00:00,601.0,330.0,20240126.0,2.0,200.0,80.0,90.0,120.0,106.0,91.0,92.0,0.0,0.0,,,90.0,10203.0,10.6,0.0,0.0
2024-01-26 03:00:00,602.0,330.0,20240126.0,3.0,200.0,90.0,100.0,130.0,107.0,92.0,94.0,0.0,0.0,,,91.0,10193.0,10.7,0.0,0.0
2024-01-26 04:00:00,603.0,330.0,20240126.0,4.0,190.0,100.0,100.0,140.0,108.0,93.0,97.0,0.0,0.0,,,92.0,10185.0,10.8,0.0,0.0
2024-01-26 05:00:00,604.0,330.0,20240126.0,5.0,190.0,110.0,100.0,150.0,105.0,94.0,99.0,0.0,0.0,,,95.0,10177.0,10.5,0.0,0.0
2024-01-26 06:00:00,605.0,330.0,20240126.0,6.0,210.0,110.0,100.0,160.0,104.0,95.0,98.0,0.0,0.0,,,96.0,10174.0,10.4,0.0,0.0
2024-01-26 07:00:00,606.0,330.0,20240126.0,7.0,230.0,120.0,140.0,190.0,107.0,92.16666666666667,99.0,0.0,0.0,,,94.0,10176.0,10.7,0.0,0.0
2024-01-26 08:00:00,607.0,330.0,20240126.0,8.0,230.0,130.0,120.0,190.0,97.0,89.33333333333333,89.0,0.0,0.0,,,95.0,10183.0,9.7,0.0,0.0
2024-01-26 09:00:00,608.0,330.0,20240126.0,9.0,280.0,140.0,120.0,230.0,88.0,86.5,70.0,12.0,0.0,,,88.0,10199.0,8.8,33.333333333333336,0.0
2024-01-26 10:00:00,609.0,330.0,20240126.0,10.0,290.0,130.0,120.0,180.0,84.0,83.66666666666667,46.0,47.0,5.0,,,76.0,10223.0,8.4,130.55555555555554,0.5
2024-01-26 11:00:00,610.0,330.0,20240126.0,11.0,280.0,130.0,130.0,200.0,84.0,80.83333333333333,38.0,94.0,10.0,,,72.0,10243.0,8.4,261.1111111111111,1.0
2024-01-26 12:00:00,611.0,330.0,20240126.0,12.0,290.0,130.0,130.0,190.0,81.0,78.0,28.0,108.0,10.0,,,69.0,10258.0,8.1,300.0,1.0
2024-01-26 13:00:00,612.0,330.0,20240126.0,13.0,300.0,140.0,130.0,200.0,80.0,74.83333333333333,25.0,108.0,10.0,,,68.0,10272.0,8.0,300.0,1.0
2024-01-26 14:00:00,613.0,330.0,20240126.0,14.0,300.0,120.0,110.0,160.0,79.0,71.66666666666667,23.0,90.0,10.0,,,67.0,10283.0,7.9,250.0,1.0
2024-01-26 15:00:00,614.0,330.0,20240126.0,15.0,300.0,110.0,100.0,150.0,76.0,68.5,27.0,59.0,10.0,,,70.0,10295.0,7.6,163.88888888888889,1.0
2024-01-26 16:00:00,615.0,330.0,20240126.0,16.0,280.0,90.0,80.0,120.0,71.0,65.33333333333333,31.0,22.0,7.0,,,75.0,10307.0,7.1,61.11111111111112,0.7000000000000001
2024-01-26 17:00:00,616.0,330.0,20240126.0,17.0,280.0,80.0,80.0,110.0,67.0,62.16666666666667,33.0,1.0,0.0,,,79.0,10313.0,6.7,2.7777777777777777,0.0
2024-01-26 18:00:00,617.0,330.0,20240126.0,18.0,280.0,70.0,80.0,90.0,66.0,59.0,32.0,0.0,0.0,,,79.0,10320.0,6.6,0.0,0.0
2024-01-26 19:00:00,618.0,330.0,20240126.0,19.0,280.0,70.0,70.0,90.0,66.0,56.166666666666664,28.0,0.0,0.0,,,76.0,10327.0,6.6,0.0,0.0
2024-01-26 20:00:00,619.0,330.0,20240126.0,20.0,270.0,60.0,70.0,100.0,63.0,53.333333333333336,28.0,0.0,0.0,,,78.0,10333.0,6.3,0.0,0.0
2024-01-26 21:00:00,620.0,330.0,20240126.0,21.0,270.0,60.0,60.0,90.0,59.0,50.5,29.0,0.0,0.0,,,80.0,10335.0,5.9,0.0,0.0
2024-01-26 22:00:00,621.0,330.0,20240126.0,22.0,260.0,60.0,60.0,80.0,63.0,47.666666666666664,25.0,0.0,0.0,,,76.0,10336.0,6.3,0.0,0.0
2024-01-26 23:00:00,622.0,330.0,20240126.0,23.0,240.0,50.0,40.0,70.0,61.0,44.83333333333333,25.0,0.0,0.0,,,78.0,10340.0,6.1,0.0,0.0
2024-01-27 00:00:00,623.0,330.0,20240126.0,24.0,240.0,40.0,40.0,70.0,52.0,42.0,31.0,0.0,0.0,,,86.0,10343.0,5.2,0.0,0.0
2024-01-27 01:00:00,624.0,330.0,20240127.0,1.0,220.0,40.0,40.0,60.0,49.0,39.666666666666664,32.0,0.0,0.0,,,88.0,10344.0,4.9,0.0,0.0
2024-01-27 02:00:00,625.0,330.0,20240127.0,2.0,230.0,40.0,50.0,60.0,48.0,37.333333333333336,33.0,0.0,0.0,,,90.0,10345.0,4.8,0.0,0.0
2024-01-27 03:00:00,626.0,330.0,20240127.0,3.0,220.0,50.0,40.0,70.0,43.0,35.0,31.0,0.0,0.0,,,92.0,10346.0,4.3,0.0,0.0
2024-01-27 04:00:00,627.0,330.0,20240127.0,4.0,210.0,50.0,40.0,70.0,44.0,32.666666666666664,34.0,0.0,0.0,,,93.0,10346.0,4.4,0.0,0.0
2024-01-27 05:00:00,628.0,330.0,20240127.0,5.0,220.0,50.0,60.0,70.0,40.0,30.333333333333332,32.0,0.0,0.0,,,94.0,10345.0,4.0,0.0,0.0
2024-01-27 06:00:00,629.0,330.0,20240127.0,6.0,190.0,50.0,40.0,80.0,39.0,28.0,31.0,0.0,0.0,,,95.0,10345.0,3.9,0.0,0.0
2024-01-27 07:00:00,630.0,330.0,20240127.0,7.0,200.0,50.0,50.0,70.0,38.0,27.833333333333332,30.0,0.0,0.0,,,94.0,10348.0,3.8,0.0,0.0
2024-01-27 08:00:00,631.0,330.0,20240127.0,8.0,190.0,40.0,40.0,60.0,35.0,27.666666666666668,29.0,2.0,0.0,,,95.0,10348.0,3.5,5.555555555555555,0.0
2024-01-27 09:00:00,632.0,330.0,20240127.0,9.0,200.0,50.0,40.0,60.0,46.0,27.5,37.0,26.0,8.0,,,93.0,10352.0,4.6,72.22222222222223,0.8
2024-01-27 10:00:00,633.0,330.0,20240127.0,10.0,210.0,50.0,50.0,60.0,59.0,27.333333333333332,39.0,58.0,10.0,,,87.0,10356.0,5.9,161.11111111111111,1.0
2024-01-27 11:00:00,634.0,330.0,20240127.0,11.0,210.0,50.0,50.0,80.0,68.0,27.166666666666668,41.0,95.0,10.0,,,83.0,10357.0,6.8,263.8888888888889,1.0
2024-01-27 12:00:00,635.0,330.0,20240127.0,12.0,220.0,50.0,50.0,80.0,74.0,27.0,41.0,106.0,10.0,,,79.0,10353.0,7.4,294.44444444444446,1.0
2024-01-27 13:00:00,636.0,330.0,20240127.0,13.0,210.0,50.0,40.0,70.0,75.0,29.0,30.0,88.0,9.0,,,73.0,10349.0,7.5,244.44444444444449,0.9
2024-01-27 14:00:00,637.0,330.0,20240127.0,14.0,210.0,40.0,40.0,60.0,70.0,31.0,31.0,47.0,0.0,,,76.0,10349.0,7.0,130.55555555555554,0.0
2024-01-27 15:00:00,638.0,330.0,20240127.0,15.0,180.0,40.0,30.0,50.0,74.0,33.0,34.0,52.0,8.0,,,75.0,10345.0,7.4,144.44444444444446,0.8
2024-01-27 16:00:00,639.0,330.0,20240127.0,16.0,170.0,40.0,50.0,50.0,60.0,35.0,31.0,22.0,7.0,,,81.0,10344.0,6.0,61.11111111111112,0.7000000000000001
2024-01-27 17:00:00,640.0,330.0,20240127.0,17.0,170.0,40.0,40.0,60.0,57.0,37.0,34.0,0.0,0.0,,,85.0,10346.0,5.7,0.0,0.0
2024-01-27 18:00:00,641.0,330.0,20240127.0,18.0,180.0,50.0,40.0,60.0,51.0,39.0,32.0,0.0,0.0,,,87.0,10342.0,5.1,0.0,0.0
2024-01-27 19:00:00,642.0,330.0,20240127.0,19.0,180.0,50.0,50.0,60.0,47.0,36.833333333333336,27.0,0.0,0.0,,,87.0,10343.0,4.7,0.0,0.0
2024-01-27 20:00:00,643.0,330.0,20240127.0,20.0,170.0,50.0,50.0,60.0,45.0,34.666666666666664,20.0,0.0,0.0,,,83.0,10340.0,4.5,0.0,0.0
2024-01-27 21:00:00,644.0,330.0,20240127.0,21.0,180.0,50.0,50.0,70.0,45.0,32.5,16.0,0.0,0.0,,,81.0,10337.0,4.5,0.0,0.0
2024-01-27 22:00:00,645.0,330.0,20240127.0,22.0,150.0,40.0,50.0,60.0,44.0,30.333333333333336,9.0,0.0,0.0,,,78.0,10332.0,4.4,0.0,0.0
2024-01-27 23:00:00,646.0,330.0,20240127.0,23.0,180.0,50.0,40.0,60.0,42.0,28.166666666666668,6.0,0.0,0.0,,,77.0,10326.0,4.2,0.0,0.0
2024-01-28 00:00:00,647.0,330.0,20240127.0,24.0,180.0,50.0,50.0,60.0,37.0,26.0,5.0,0.0,0.0,,,79.0,10322.0,3.7,0.0,0.0
2024-01-28 01:00:00,648.0,330.0,20240128.0,1.0,150.0,50.0,50.0,60.0,30.0,23.333333333333332,1.0,0.0,0.0,,,81.0,10314.0,3.0,0.0,0.0
2024-01-28 02:00:00,649.0,330.0,20240128.0,2.0,160.0,50.0,50.0,70.0,35.0,20.666666666666668,2.0,0.0,0.0,,,78.0,10308.0,3.5,0.0,0.0
2024-01-28 03:00:00,650.0,330.0,20240128.0,3.0,150.0,50.0,50.0,60.0,33.0,18.0,-4.0,0.0,0.0,,,76.0,10303.0,3.3,0.0,0.0
2024-01-28 04:00:00,651.0,330.0,20240128.0,4.0,150.0,50.0,50.0,60.0,28.0,15.333333333333334,-10.0,0.0,0.0,,,75.0,10299.0,2.8,0.0,0.0
2024-01-28 05:00:00,652.0,330.0,20240128.0,5.0,150.0,60.0,60.0,80.0,22.0,12.666666666666668,-13.0,0.0,0.0,,,77.0,10293.0,2.2,0.0,0.0
2024-01-28 06:00:00,653.0,330.0,20240128.0,6.0,150.0,60.0,60.0,80.0,36.0,10.0,-16.0,0.0,0.0,,,69.0,10288.0,3.6,0.0,0.0
2024-01-28 07:00:00,654.0,330.0,20240128.0,7.0,150.0,70.0,70.0,90.0,35.0,12.5,-20.0,0.0,0.0,,,67.0,10286.0,3.5,0.0,0.0
2024-01-28 08:00:00,655.0,330.0,20240128.0,8.0,150.0,70.0,60.0,90.0,36.0,15.0,-13.0,3.0,0.0,,,70.0,10280.0,3.6,8.333333333333334,0.0
2024-01-28 09:00:00,656.0,330.0,20240128.0,9.0,150.0,60.0,60.0,80.0,52.0,17.5,-11.0,30.0,8.0,,,64.0,10277.0,5.2,83.33333333333333,0.8
2024-01-28 10:00:00,657.0,330.0,20240128.0,10.0,150.0,70.0,70.0,80.0,65.0,20.0,-7.0,66.0,10.0,,,59.0,10274.0,6.5,183.3333333333333,1.0
2024-01-28 11:00:00,658.0,330.0,20240128.0,11.0,150.0,70.0,70.0,80.0,77.0,22.5,-7.0,94.0,10.0,,,55.0,10270.0,7.7,261.1111111111111,1.0
2024-01-28 12:00:00,659.0,330.0,20240128.0,12.0,150.0,60.0,70.0,80.0,77.0,25.0,-8.0,76.0,8.0,,,54.0,10260.0,7.7,211.11111111111111,0.8
2024-01-28 13:00:00,660.0,330.0,20240128.0,13.0,170.0,60.0,60.0,90.0,83.0,32.666666666666664,2.0,96.0,10.0,,,56.0,10253.0,8.3,266.6666666666667,1.0
2024-01-28 14:00:00,661.0,330.0,20240128.0,14.0,150.0,70.0,80.0,90.0,83.0,40.333333333333336,5.0,61.0,5.0,,,57.0,10243.0,8.3,169.44444444444446,0.5
2024-01-28 15:00:00,662.0,330.0,20240128.0,15.0,150.0,70.0,70.0,90.0,89.0,48.0,7.0,42.0,8.0,,,56.0,10241.0,8.9,116.66666666666669,0.8
2024-01-28 16:00:00,663.0,330.0,20240128.0,16.0,170.0,70.0,60.0,90.0,84.0,55.66666666666667,8.0,18.0,7.0,,,58.0,10241.0,8.4,50.0,0.7000000000000001
2024-01-28 17:00:00,664.0,330.0,20240128.0,17.0,150.0,70.0,70.0,90.0,82.0,63.333333333333336,11.0,1.0,0.0,,,61.0,10236.0,8.2,2.7777777777777777,0.0
2024-01-28 18:00:00,665.0,330.0,20240128.0,18.0,180.0,70.0,70.0,90.0,87.0,71.0,13.0,0.0,0.0,,,59.0,10234.0,8.7,0.0,0.0
2024-01-28 19:00:00,666.0,330.0,20240128.0,19.0,170.0,60.0,70.0,80.0,82.0,69.5,18.0,0.0,0.0,,,64.0,10236.0,8.2,0.0,0.0
2024-01-28 20:00:00,667.0,330.0,20240128.0,20.0,180.0,70.0,70.0,90.0,81.0,68.0,22.0,0.0,0.0,,,66.0,10235.0,8.1,0.0,0.0
2024-01-28 21:00:00,668.0,330.0,20240128.0,21.0,180.0,80.0,80.0,100.0,76.0,66.5,23.0,0.0,0.0,,,68.0,10233.0,7.6,0.0,0.0
2024-01-28 22:00:00,669.0,330.0,20240128.0,22.0,180.0,70.0,80.0,90.0,75.0,65.0,23.0,0.0,0.0,,,69.0,10234.0,7.5,0.0,0.0
2024-01-28 23:00:00,670.0,330.0,20240128.0,23.0,170.0,70.0,70.0,80.0,69.0,63.5,26.0,0.0,0.0,,,73.0,10233.0,6.9,0.0,0.0
2024-01-29 00:00:00,671.0,330.0,20240128.0,24.0,200.0,70.0,80.0,110.0,71.0,62.0,29.0,0.0,0.0,,,74.0,10236.0,7.1,0.0,0.0
2024-01-29 01:00:00,672.0,330.0,20240129.0,1.0,190.0,70.0,70.0,90.0,68.0,59.833333333333336,30.0,0.0,0.0,,,76.0,10238.0,6.8,0.0,0.0
2024-01-29 02:00:00,673.0,330.0,20240129.0,2.0,190.0,70.0,70.0,90.0,64.0,57.666666666666664,30.0,0.0,0.0,,,79.0,10240.0,6.4,0.0,0.0
2024-01-29 03:00:00,674.0,330.0,20240129.0,3.0,190.0,70.0,70.0,100.0,62.0,55.5,32.0,0.0,0.0,,,81.0,10240.0,6.2,0.0,0.0
2024-01-29 04:00:00,675.0,330.0,20240129.0,4.0,190.0,50.0,60.0,90.0,58.0,53.333333333333336,32.0,0.0,0.0,,,83.0,10242.0,5.8,0.0,0.0
2024-01-29 05:00:00,676.0,330.0,20240129.0,5.0,200.0,60.0,50.0,70.0,56.0,51.16666666666667,31.0,0.0,0.0,,,84.0,10244.0,5.6,0.0,0.0
2024-01-29 06:00:00,677.0,330.0,20240129.0,6.0,200.0,50.0,50.0,70.0,55.0,49.0,33.0,0.0,0.0,,,85.0,10245.0,5.5,0.0,0.0
2024-01-29 07:00:00,678.0,330.0,20240129.0,7.0,190.0,50.0,50.0,70.0,58.0,49.166666666666664,37.0,0.0,0.0,,,86.0,10247.0,5.8,0.0,0.0
2024-01-29 08:00:00,679.0,330.0,20240129.0,8.0,200.0,60.0,60.0,80.0,57.0,49.333333333333336,37.0,1.0,0.0,,,87.0,10251.0,5.7,2.7777777777777777,0.0
2024-01-29 09:00:00,680.0,330.0,20240129.0,9.0,180.0,60.0,60.0,80.0,61.0,49.5,39.0,15.0,0.0,,,86.0,10252.0,6.1,41.66666666666666,0.0
2024-01-29 10:00:00,681.0,330.0,20240129.0,10.0,190.0,60.0,70.0,80.0,76.0,49.666666666666664,46.0,55.0,7.0,,,81.0,10257.0,7.6,152.77777777777777,0.7000000000000001
2024-01-29 11:00:00,682.0,330.0,20240129.0,11.0,190.0,70.0,60.0,90.0,92.0,49.833333333333336,54.0,87.0,10.0,,,77.0,10258.0,9.2,241.66666666666663,1.0
2024-01-29 12:00:00,683.0,330.0,20240129.0,12.0,190.0,60.0,60.0,80.0,101.0,50.0,59.0,97.0,10.0,,,75.0,10256.0,10.1,269.44444444444446,1.0
2024-01-29 13:00:00,684.0,330.0,20240129.0,13.0,180.0,50.0,40.0,70.0,98.0,55.5,61.0,64.0,2.0,,,77.0,10254.0,9.8,177.77777777777777,0.2
2024-01-29 14:00:00,685.0,330.0,20240129.0,14.0,180.0,50.0,50.0,60.0,99.0,61.0,63.0,68.0,7.0,,,77.0,10254.0,9.9,188.88888888888889,0.7000000000000001
2024-01-29 15:00:00,686.0,330.0,20240129.0,15.0,180.0,50.0,50.0,60.0,100.0,66.5,64.0,63.0,10.0,,,78.0,10258.0,10.0,175.0,1.0
2024-01-29 16:00:00,687.0,330.0,20240129.0,16.0,160.0,50.0,50.0,60.0,91.0,72.0,63.0,19.0,8.0,,,82.0,10257.0,9.1,52.77777777777778,0.8
2024-01-29 17:00:00,688.0,330.0,20240129.0,17.0,180.0,50.0,40.0,70.0,89.0,77.5,67.0,1.0,0.0,,,85.0,10261.0,8.9,2.7777777777777777,0.0
2024-01-29 18:00:00,689.0,330.0,20240129.0,18.0,170.0,50.0,50.0,50.0,92.0,83.0,70.0,0.0,0.0,,,85.0,10258.0,9.2,0.0,0.0
2024-01-29 19:00:00,690.0,330.0,20240129.0,19.0,170.0,50.0,60.0,60.0,96.0,83.66666666666667,74.0,0.0,0.0,,,86.0,10257.0,9.6,0.0,0.0
2024-01-29 20:00:00,691.0,330.0,20240129.0,20.0,180.0,70.0,70.0,90.0,96.0,84.33333333333333,75.0,0.0,0.0,,,86.0,10256.0,9.6,0.0,0.0
2024-01-29 21:00:00,692.0,330.0,20240129.0,21.0,180.0,70.0,70.0,100.0,98.0,85.0,74.0,0.0,0.0,,,85.0,10253.0,9.8,0.0,0.0
2024-01-29 22:00:00,693.0,330.0,20240129.0,22.0,190.0,70.0,70.0,100.0,97.0,85.66666666666667,72.0,0.0,0.0,,,84.0,10250.0,9.7,0.0,0.0
2024-01-29 23:00:00,694.0,330.0,20240129.0,23.0,190.0,70.0,70.0,90.0,97.0,86.33333333333333,71.0,0.0,0.0,,,83.0,10249.0,9.7,0.0,0.0
2024-01-30 00:00:00,695.0,330.0,20240129.0,24.0,180.0,80.0,80.0,90.0,96.0,87.0,70.0,0.0,0.0,,,83.0,10247.0,9.6,0.0,0.0
2024-01-30 01:00:00,696.0,330.0,20240130.0,1.0,190.0,70.0,70.0,100.0,100.0,87.66666666666667,71.0,0.0,0.0,,,82.0,10246.0,10.0,0.0,0.0
2024-01-30 02:00:00,697.0,330.0,20240130.0,2.0,190.0,70.0,60.0,90.0,99.0,88.33333333333333,71.0,0.0,0.0,,,82.0,10243.0,9.9,0.0,0.0
2024-01-30 03:00:00,698.0,330.0,20240130.0,3.0,190.0,60.0,60.0,80.0,98.0,89.0,71.0,0.0,0.0,,,83.0,10240.0,9.8,0.0,0.0
2024-01-30 04:00:00,699.0,330.0,20240130.0,4.0,190.0,60.0,70.0,90.0,104.0,89.66666666666667,74.0,0.0,0.0,,,81.0,10238.0,10.4,0.0,0.0
2024-01-30 05:00:00,700.0,330.0,20240130.0,5.0,190.0,70.0,70.0,100.0,104.0,90.33333333333333,75.0,0.0,0.0,,,81.0,10235.0,10.4,0.0,0.0
2024-01-30 06:00:00,701.0,330.0,20240130.0,6.0,190.0,70.0,70.0,90.0,109.0,91.0,77.0,0.0,0.0,,,81.0,10236.0,10.9,0.0,0.0
2024-01-30 07:00:00,702.0,330.0,20240130.0,7.0,190.0,80.0,80.0,110.0,107.0,89.0,78.0,0.0,0.0,,,82.0,10237.0,10.7,0.0,0.0
2024-01-30 08:00:00,703.0,330.0,20240130.0,8.0,220.0,80.0,70.0,110.0,103.0,87.0,78.0,0.0,0.0,,,84.0,10245.0,10.3,0.0,0.0
2024-01-30 09:00:00,704.0,330.0,20240130.0,9.0,220.0,90.0,110.0,150.0,95.0,85.0,74.0,5.0,0.0,,,86.0,10250.0,9.5,13.88888888888889,0.0
2024-01-30 10:00:00,705.0,330.0,20240130.0,10.0,220.0,110.0,100.0,170.0,87.0,83.0,67.0,24.0,0.0,,,87.0,10258.0,8.7,66.66666666666667,0.0
2024-01-30 11:00:00,706.0,330.0,20240130.0,11.0,220.0,110.0,110.0,160.0,81.0,81.0,64.0,24.0,0.0,,,89.0,10260.0,8.1,66.66666666666667,0.0
2024-01-30 12:00:00,707.0,330.0,20240130.0,12.0,220.0,100.0,90.0,160.0,83.0,79.0,60.0,37.0,0.0,,,85.0,10264.0,8.3,102.77777777777776,0.0
2024-01-30 13:00:00,708.0,330.0,20240130.0,13.0,230.0,80.0,80.0,130.0,76.0,76.66666666666667,69.0,30.0,0.0,,,95.0,10269.0,7.6,83.33333333333333,0.0
2024-01-30 14:00:00,709.0,330.0,20240130.0,14.0,240.0,90.0,90.0,140.0,75.0,74.33333333333333,71.0,16.0,0.0,,,97.0,10274.0,7.5,44.44444444444444,0.0
2024-01-30 15:00:00,710.0,330.0,20240130.0,15.0,250.0,80.0,80.0,130.0,75.0,72.0,70.0,8.0,0.0,,,96.0,10283.0,7.5,22.22222222222222,0.0
2024-01-30 16:00:00,711.0,330.0,20240130.0,16.0,280.0,90.0,80.0,120.0,70.0,69.66666666666667,68.0,6.0,0.0,,,98.0,10294.0,7.0,16.666666666666668,0.0
2024-01-30 17:00:00,712.0,330.0,20240130.0,17.0,290.0,70.0,60.0,90.0,68.0,67.33333333333333,64.0,1.0,0.0,,,97.0,10301.0,6.8,2.7777777777777777,0.0
2024-01-30 18:00:00,713.0,330.0,20240130.0,18.0,290.0,60.0,60.0,90.0,68.0,65.0,61.0,0.0,0.0,,,95.0,10312.0,6.8,0.0,0.0
2024-01-30 19:00:00,714.0,330.0,20240130.0,19.0,310.0,60.0,60.0,80.0,68.0,62.5,57.0,0.0,0.0,,,92.0,10319.0,6.8,0.0,0.0
2024-01-30 20:00:00,715.0,330.0,20240130.0,20.0,320.0,60.0,50.0,80.0,66.0,60.0,47.0,0.0,0.0,,,88.0,10326.0,6.6,0.0,0.0
2024-01-30 21:00:00,716.0,330.0,20240130.0,21.0,320.0,50.0,50.0,80.0,64.0,57.5,44.0,0.0,0.0,,,86.0,10333.0,6.4,0.0,0.0
2024-01-30 22:00:00,717.0,330.0,20240130.0,22.0,340.0,60.0,50.0,90.0,60.0,55.0,51.0,0.0,0.0,,,94.0,10338.0,6.0,0.0,0.0
2024-01-30 23:00:00,718.0,330.0,20240130.0,23.0,320.0,50.0,60.0,70.0,58.0,52.5,49.0,0.0,0.0,,,94.0,10338.0,5.8,0.0,0.0
2024-01-31 00:00:00,719.0,330.0,20240130.0,24.0,320.0,40.0,30.0,60.0,60.0,50.0,51.0,0.0,0.0,,,93.0,10346.0,6.0,0.0,0.0
2024-01-31 01:00:00,720.0,330.0,20240131.0,1.0,270.0,20.0,20.0,50.0,64.0,50.166666666666664,35.0,0.0,0.0,,,82.0,10346.0,6.4,0.0,0.0
2024-01-31 02:00:00,721.0,330.0,20240131.0,2.0,320.0,40.0,20.0,60.0,63.0,50.333333333333336,35.0,0.0,0.0,,,82.0,10344.0,6.3,0.0,0.0
2024-01-31 03:00:00,722.0,330.0,20240131.0,3.0,990.0,10.0,10.0,30.0,57.0,50.5,38.0,0.0,0.0,,,87.0,10338.0,5.7,0.0,0.0
2024-01-31 04:00:00,723.0,330.0,20240131.0,4.0,210.0,30.0,30.0,50.0,60.0,50.666666666666664,36.0,0.0,0.0,,,84.0,10337.0,6.0,0.0,0.0
2024-01-31 05:00:00,724.0,330.0,20240131.0,5.0,210.0,30.0,30.0,40.0,61.0,50.833333333333336,40.0,0.0,0.0,,,86.0,10336.0,6.1,0.0,0.0
2024-01-31 06:00:00,725.0,330.0,20240131.0,6.0,200.0,40.0,40.0,60.0,63.0,51.0,34.0,0.0,0.0,,,81.0,10330.0,6.3,0.0,0.0
2024-01-31 07:00:00,726.0,330.0,20240131.0,7.0,220.0,40.0,40.0,60.0,62.0,52.166666666666664,38.0,0.0,0.0,,,84.0,10337.0,6.2,0.0,0.0
2024-01-31 08:00:00,727.0,330.0,20240131.0,8.0,200.0,40.0,50.0,70.0,66.0,53.333333333333336,36.0,1.0,0.0,,,80.0,10336.0,6.6,2.7777777777777777,0.0
2024-01-31 09:00:00,728.0,330.0,20240131.0,9.0,190.0,50.0,50.0,80.0,67.0,54.5,43.0,9.0,0.0,,,84.0,10328.0,6.7,25.0,0.0
2024-01-31 10:00:00,729.0,330.0,20240131.0,10.0,200.0,60.0,50.0,80.0,66.0,55.666666666666664,49.0,15.0,0.0,,,89.0,10330.0,6.6,41.66666666666666,0.0
2024-01-31 11:00:00,730.0,330.0,20240131.0,11.0,200.0,60.0,70.0,90.0,73.0,56.833333333333336,34.0,25.0,0.0,,,76.0,10320.0,7.3,69.44444444444444,0.0
2024-01-31 12:00:00,731.0,330.0,20240131.0,12.0,210.0,80.0,70.0,120.0,76.0,58.0,22.0,49.0,2.0,,,68.0,10310.0,7.6,136.11111111111111,0.2
2024-01-31 13:00:00,732.0,330.0,20240131.0,13.0,210.0,80.0,80.0,120.0,79.0,60.0,24.0,60.0,3.0,,,68.0,10301.0,7.9,166.66666666666666,0.3
2024-01-31 14:00:00,733.0,330.0,20240131.0,14.0,210.0,90.0,90.0,120.0,76.0,62.0,24.0,29.0,0.0,,,69.0,10292.0,7.6,80.55555555555556,0.0
2024-01-31 15:00:00,734.0,330.0,20240131.0,15.0,220.0,90.0,100.0,160.0,74.0,64.0,28.0,36.0,5.0,,,72.0,10289.0,7.4,100.0,0.5
2024-01-31 16:00:00,735.0,330.0,20240131.0,16.0,210.0,100.0,100.0,150.0,73.0,66.0,28.0,12.0,5.0,,,73.0,10277.0,7.3,33.333333333333336,0.5
2024-01-31 17:00:00,736.0,330.0,20240131.0,17.0,220.0,110.0,110.0,170.0,75.0,68.0,31.0,1.0,0.0,,,73.0,10274.0,7.5,2.7777777777777777,0.0
2024-01-31 18:00:00,737.0,330.0,20240131.0,18.0,210.0,110.0,110.0,160.0,73.0,70.0,32.0,0.0,0.0,,,75.0,10267.0,7.3,0.0,0.0
2024-01-31 19:00:00,738.0,330.0,20240131.0,19.0,200.0,110.0,100.0,150.0,70.0,69.16666666666667,31.0,0.0,0.0,,,76.0,10256.0,7.0,0.0,0.0
2024-01-31 20:00:00,739.0,330.0,20240131.0,20.0,210.0,110.0,110.0,160.0,68.0,68.33333333333333,34.0,0.0,0.0,,,78.0,10251.0,6.8,0.0,0.0
2024-01-31 21:00:00,740.0,330.0,20240131.0,21.0,220.0,110.0,120.0,170.0,78.0,67.5,47.0,0.0,0.0,,,80.0,10248.0,7.8,0.0,0.0
2024-01-31 22:00:00,741.0,330.0,20240131.0,22.0,220.0,120.0,120.0,170.0,78.0,66.66666666666667,55.0,0.0,0.0,,,85.0,10240.0,7.8,0.0,0.0
2024-01-31 23:00:00,742.0,330.0,20240131.0,23.0,230.0,110.0,100.0,170.0,79.0,65.83333333333333,71.0,0.0,0.0,,,94.0,10240.0,7.9,0.0,0.0
2024-02-01 00:00:00,743.0,330.0,20240131.0,24.0,240.0,110.0,110.0,170.0,90.0,65.0,84.0,0.0,0.0,,,95.0,10242.0,9.0,0.0,0.0
